Key;Transition;Timestamp
ART_A-739;Created;30.11.2025 16:49:19
ART_A-739;Analysis;30.11.2025 16:49:24
ART_A-738;Created;30.11.2025 16:41:25
ART_A-737;Created;30.11.2025 16:29:13
ART_A-737;Funnel;30.11.2025 16:53:59
ART_A-737;Analysis;30.11.2025 16:31:07
ART_A-736;Created;30.11.2025 16:25:44
ART_A-736;Analysis;30.11.2025 16:25:52
ART_A-735;Created;30.11.2025 16:12:54
ART_A-735;Program Backlog;30.11.2025 16:13:04
ART_A-734;Created;30.11.2025 15:32:27
ART_A-734;Analysis;30.11.2025 15:32:34
ART_A-731;Created;30.11.2025 14:50:50
ART_A-724;Created;30.11.2025 09:38:06
ART_A-724;Analysis;30.11.2025 09:57:01
ART_A-720;Created;17.05.2025 09:42:15
ART_A-720;Funnel;29.11.2025 17:46:16
ART_A-720;Funnel;25.09.2025 14:41:34
ART_A-719;Created;17.05.2025 08:19:17
ART_A-719;Funnel;29.11.2025 17:46:15
ART_A-719;Funnel;25.09.2025 14:41:29
ART_A-718;Created;18.10.2025 14:20:46
ART_A-718;Funnel;29.11.2025 17:46:14
ART_A-717;Created;27.03.2025 10:47:31
ART_A-717;Analysis;29.11.2025 17:46:12
ART_A-717;Analysis;26.10.2025 09:22:52
ART_A-717;Funnel;26.10.2025 09:22:47
ART_A-717;Deploying to Production;26.10.2025 09:22:38
ART_A-717;Implementation;26.10.2025 09:22:32
ART_A-717;Validating on Staging;25.09.2025 14:41:31
ART_A-717;Implementation;01.08.2025 17:34:47
ART_A-716;Created;09.05.2025 17:42:08
ART_A-716;Program Backlog;29.11.2025 17:46:10
ART_A-716;Deploying to Production;17.11.2025 15:13:17
ART_A-716;Analysis;17.11.2025 15:13:12
ART_A-716;Funnel;25.09.2025 14:41:35
ART_A-715;Created;10.05.2025 13:40:07
ART_A-715;Funnel;29.11.2025 17:46:09
ART_A-715;Funnel;25.09.2025 14:41:32
ART_A-711;Created;28.11.2025 16:03:40
ART_A-711;Analysis;28.11.2025 16:04:24
ART_A-710;Created;28.11.2025 11:16:41
ART_A-709;Created;28.11.2025 11:16:38
ART_A-709;Done;28.11.2025 11:28:53
ART_A-708;Created;28.11.2025 10:44:46
ART_A-708;Analysis;30.11.2025 14:28:36
ART_A-707;Created;28.11.2025 10:43:50
ART_A-707;Analysis;28.11.2025 10:44:30
ART_A-706;Created;27.11.2025 14:53:36
ART_A-706;Analysis;27.11.2025 15:06:51
ART_A-704;Created;27.11.2025 07:42:21
ART_A-702;Created;24.11.2025 14:55:55
ART_A-702;Analysis;30.11.2025 11:40:52
ART_A-701;Created;24.11.2025 14:37:23
ART_A-701;Analysis;24.11.2025 14:42:59
ART_A-700;Created;24.11.2025 12:19:45
ART_A-700;Analysis;24.11.2025 14:20:04
ART_A-699;Created;24.11.2025 12:12:55
ART_A-699;Analysis;24.11.2025 14:34:41
ART_A-698;Created;24.11.2025 12:02:03
ART_A-698;Analysis;24.11.2025 14:34:37
ART_A-697;Created;24.11.2025 11:41:33
ART_A-697;Analysis;24.11.2025 14:34:33
ART_A-696;Created;24.11.2025 11:29:11
ART_A-696;Analysis;24.11.2025 11:29:19
ART_A-693;Created;23.11.2025 13:31:17
ART_A-691;Created;23.11.2025 11:24:08
ART_A-690;Created;23.11.2025 11:18:46
ART_A-690;Analysis;23.11.2025 11:40:28
ART_A-687;Created;21.11.2025 10:44:33
ART_A-687;Program Backlog;27.11.2025 09:45:25
ART_A-687;Analysis;21.11.2025 13:53:03
ART_A-685;Created;17.11.2025 16:31:38
ART_A-682;Created;17.11.2025 15:54:45
ART_A-681;Created;17.11.2025 14:30:56
ART_A-680;Created;17.11.2025 14:29:30
ART_A-675;Created;15.11.2025 14:52:11
ART_A-675;Analysis;15.11.2025 14:52:37
ART_A-674;Created;15.11.2025 10:09:26
ART_A-673;Created;15.11.2025 09:59:29
ART_A-672;Created;14.11.2025 13:10:37
ART_A-672;Funnel;23.11.2025 13:11:58
ART_A-672;Analysis;16.11.2025 10:30:15
ART_A-671;Created;13.11.2025 17:38:56
ART_A-670;Created;13.11.2025 17:26:59
ART_A-670;Analysis;30.11.2025 14:28:39
ART_A-669;Created;13.11.2025 17:11:03
ART_A-668;Created;13.11.2025 16:52:29
ART_A-668;Analysis;30.11.2025 14:28:24
ART_A-667;Created;13.11.2025 16:48:14
ART_A-667;Analysis;30.11.2025 14:28:21
ART_A-665;Created;09.11.2025 10:35:17
ART_A-665;Analysis;17.11.2025 07:54:56
ART_A-662;Created;08.11.2025 11:07:47
ART_A-661;Created;08.11.2025 08:24:52
ART_A-661;Analysis;08.11.2025 08:53:03
ART_A-660;Created;08.11.2025 08:17:30
ART_A-659;Created;08.11.2025 06:58:51
ART_A-659;Analysis;08.11.2025 07:42:02
ART_A-657;Created;07.11.2025 17:07:23
ART_A-657;Done;30.11.2025 14:00:15
ART_A-657;Releasing;30.11.2025 13:59:54
ART_A-657;Implementation;16.11.2025 10:06:39
ART_A-657;Analysis;07.11.2025 17:08:01
ART_A-653;Created;03.11.2025 16:57:50
ART_A-652;Created;03.11.2025 16:54:33
ART_A-651;Created;03.11.2025 16:51:57
ART_A-651;Funnel;15.11.2025 14:59:19
ART_A-651;Analysis;15.11.2025 14:54:25
ART_A-650;Created;03.11.2025 16:48:22
ART_A-650;Funnel;20.11.2025 16:40:42
ART_A-650;Analysis;20.11.2025 16:40:26
ART_A-649;Created;03.11.2025 16:42:00
ART_A-649;Done;28.11.2025 10:13:19
ART_A-649;Analysis;28.11.2025 09:42:05
ART_A-648;Created;03.11.2025 07:55:56
ART_A-648;Analysis;15.11.2025 06:57:27
ART_A-647;Created;02.11.2025 10:24:39
ART_A-647;Analysis;08.11.2025 07:42:28
ART_A-646;Created;02.11.2025 08:04:16
ART_A-646;Analysis;08.11.2025 08:53:14
ART_A-645;Created;02.11.2025 07:55:10
ART_A-645;Funnel;22.11.2025 07:28:52
ART_A-645;Analysis;16.11.2025 15:43:03
ART_A-645;Implementation;02.11.2025 07:57:34
ART_A-643;Created;30.10.2025 10:25:39
ART_A-643;Analysis;15.11.2025 15:25:50
ART_A-642;Created;26.10.2025 08:39:48
ART_A-642;Analysis;08.11.2025 07:42:17
ART_A-640;Created;24.10.2025 13:38:59
ART_A-640;Funnel;30.11.2025 14:18:27
ART_A-640;Analysis;17.11.2025 08:05:18
ART_A-640;Funnel;17.11.2025 08:04:54
ART_A-640;Analysis;08.11.2025 07:45:26
ART_A-639;Created;24.10.2025 10:31:20
ART_A-638;Created;24.10.2025 10:29:00
ART_A-637;Created;23.10.2025 08:22:12
ART_A-636;Created;23.10.2025 08:21:58
ART_A-635;Created;23.10.2025 08:21:40
ART_A-634;Created;23.10.2025 08:21:30
ART_A-633;Created;23.10.2025 08:20:54
ART_A-632;Created;23.10.2025 08:20:33
ART_A-631;Created;23.10.2025 08:20:12
ART_A-630;Created;23.10.2025 08:19:29
ART_A-629;Created;23.10.2025 08:19:06
ART_A-628;Created;23.10.2025 08:18:20
ART_A-627;Created;23.10.2025 08:17:59
ART_A-626;Created;23.10.2025 08:17:07
ART_A-626;Done;30.11.2025 09:41:45
ART_A-625;Created;23.10.2025 08:16:03
ART_A-624;Created;23.10.2025 08:15:22
ART_A-624;Program Backlog;30.11.2025 13:03:58
ART_A-623;Created;23.10.2025 08:14:48
ART_A-622;Created;19.10.2025 12:58:45
ART_A-616;Created;13.10.2025 15:56:10
ART_A-616;Analysis;31.10.2025 10:29:54
ART_A-615;Created;13.10.2025 15:19:56
ART_A-615;Done;21.11.2025 16:56:55
ART_A-615;Implementation;07.11.2025 08:23:07
ART_A-615;Program Backlog;07.11.2025 08:23:02
ART_A-615;Analysis;13.10.2025 15:23:25
ART_A-613;Created;10.10.2025 10:40:37
ART_A-613;Done;10.10.2025 11:43:04
ART_A-612;Created;04.10.2025 12:27:12
ART_A-611;Created;29.09.2025 08:57:07
ART_A-610;Created;25.09.2025 08:34:03
ART_A-610;Analysis;19.10.2025 10:04:59
ART_A-604;Created;14.09.2025 13:17:22
ART_A-604;Implementation;15.11.2025 15:25:37
ART_A-602;Created;14.09.2025 08:04:18
ART_A-602;Analysis;15.11.2025 15:25:20
ART_A-601;Created;14.09.2025 08:03:38
ART_A-601;Implementation;15.11.2025 15:24:44
ART_A-597;Created;13.09.2025 15:54:12
ART_A-595;Created;13.09.2025 15:12:04
ART_A-589;Created;13.09.2025 12:25:03
ART_A-589;Done;14.11.2025 09:30:14
ART_A-589;Implementation;06.10.2025 11:06:11
ART_A-589;Program Backlog;13.09.2025 13:24:38
ART_A-589;Analysis;13.09.2025 12:25:50
ART_A-587;Created;13.09.2025 11:54:45
ART_A-587;Implementation;13.10.2025 11:43:38
ART_A-587;Program Backlog;13.09.2025 15:12:27
ART_A-586;Created;06.09.2025 17:56:16
ART_A-586;Done;13.11.2025 12:08:07
ART_A-586;Implementation;17.10.2025 12:51:00
ART_A-586;Program Backlog;12.09.2025 17:01:31
ART_A-586;Funnel;12.09.2025 16:59:25
ART_A-586;Program Backlog;12.09.2025 16:55:29
ART_A-584;Created;08.09.2025 10:54:16
ART_A-584;Done;27.11.2025 13:36:56
ART_A-584;Implementation;17.10.2025 12:50:48
ART_A-584;Program Backlog;12.09.2025 09:08:56
ART_A-583;Created;08.09.2025 08:33:27
ART_A-583;Done;06.11.2025 13:22:19
ART_A-583;Releasing;02.11.2025 09:38:29
ART_A-583;Implementation;13.10.2025 11:40:33
ART_A-583;Program Backlog;08.09.2025 08:38:22
ART_A-582;Created;07.09.2025 17:48:09
ART_A-582;Analysis;07.09.2025 17:48:20
ART_A-581;Created;07.09.2025 17:21:53
ART_A-581;Funnel;27.11.2025 11:14:29
ART_A-581;Analysis;31.10.2025 10:26:40
ART_A-581;Funnel;13.10.2025 16:17:25
ART_A-581;Analysis;07.09.2025 17:23:03
ART_A-580;Created;07.09.2025 17:17:06
ART_A-580;Funnel;27.11.2025 11:14:24
ART_A-580;Analysis;31.10.2025 10:26:30
ART_A-580;Funnel;13.10.2025 16:17:38
ART_A-580;Analysis;07.09.2025 17:18:20
ART_A-579;Created;07.09.2025 15:01:33
ART_A-579;Analysis;31.10.2025 10:32:22
ART_A-579;Funnel;13.10.2025 16:09:05
ART_A-579;Analysis;07.09.2025 15:11:38
ART_A-578;Created;07.09.2025 10:58:45
ART_A-578;Funnel;12.09.2025 15:00:47
ART_A-578;Analysis;07.09.2025 11:00:16
ART_A-577;Created;07.09.2025 09:22:03
ART_A-577;Implementation;31.10.2025 10:43:59
ART_A-577;Program Backlog;13.10.2025 16:17:01
ART_A-577;Analysis;07.09.2025 17:19:15
ART_A-576;Created;07.09.2025 08:48:13
ART_A-576;Analysis;16.11.2025 10:30:18
ART_A-575;Created;06.09.2025 17:57:12
ART_A-575;Analysis;30.11.2025 14:28:17
ART_A-573;Created;06.09.2025 17:53:17
ART_A-573;Done;20.11.2025 11:57:11
ART_A-573;Implementation;17.10.2025 12:48:09
ART_A-573;Program Backlog;12.09.2025 09:09:01
ART_A-572;Created;06.09.2025 17:50:02
ART_A-572;Done;13.11.2025 12:08:31
ART_A-572;Implementation;17.10.2025 12:48:04
ART_A-572;Program Backlog;12.09.2025 09:07:56
ART_A-571;Created;06.09.2025 17:44:23
ART_A-571;Done;30.11.2025 14:33:40
ART_A-571;Implementation;13.11.2025 12:06:16
ART_A-571;Program Backlog;12.09.2025 09:08:04
ART_A-570;Created;06.09.2025 11:39:33
ART_A-565;Created;01.09.2025 14:49:54
ART_A-565;Funnel;05.09.2025 10:20:42
ART_A-565;Analysis;01.09.2025 14:51:03
ART_A-564;Created;01.09.2025 14:48:21
ART_A-564;Done;30.11.2025 17:21:43
ART_A-564;Implementation;13.10.2025 16:08:03
ART_A-564;Analysis;01.09.2025 14:51:07
ART_A-562;Created;01.09.2025 14:36:09
ART_A-562;Funnel;13.10.2025 16:08:58
ART_A-562;Analysis;01.09.2025 14:42:56
ART_A-556;Created;29.08.2025 18:49:03
ART_A-556;Funnel;30.11.2025 07:55:49
ART_A-556;Analysis;29.08.2025 18:56:18
ART_A-555;Created;29.08.2025 17:48:42
ART_A-555;Done;07.11.2025 08:25:07
ART_A-555;Releasing;07.11.2025 08:12:06
ART_A-555;Implementation;17.10.2025 15:13:38
ART_A-555;Program Backlog;01.09.2025 14:53:34
ART_A-555;Analysis;29.08.2025 18:56:04
ART_A-554;Created;29.08.2025 10:55:54
ART_A-554;Done;14.11.2025 13:22:03
ART_A-554;Releasing;13.11.2025 10:00:53
ART_A-554;Implementation;07.11.2025 08:14:54
ART_A-554;Program Backlog;30.08.2025 10:55:51
ART_A-554;Analysis;29.08.2025 17:43:41
ART_A-552;Created;29.08.2025 09:00:12
ART_A-551;Created;29.08.2025 08:58:38
ART_A-551;Funnel;17.11.2025 16:15:22
ART_A-551;Analysis;17.11.2025 16:15:20
ART_A-551;Funnel;16.11.2025 10:10:27
ART_A-551;Analysis;10.10.2025 13:43:11
ART_A-549;Created;28.08.2025 13:17:08
ART_A-549;Done;26.10.2025 16:29:01
ART_A-549;Implementation;19.10.2025 09:24:26
ART_A-549;Program Backlog;19.10.2025 09:24:18
ART_A-547;Created;25.08.2025 11:03:36
ART_A-547;Funnel;27.11.2025 09:39:04
ART_A-547;Analysis;28.08.2025 16:31:24
ART_A-546;Created;25.08.2025 11:01:13
ART_A-546;Done;21.11.2025 13:27:19
ART_A-546;Releasing;21.11.2025 13:27:11
ART_A-546;Implementation;10.10.2025 13:39:07
ART_A-546;Program Backlog;01.09.2025 09:30:27
ART_A-546;Analysis;28.08.2025 08:38:28
ART_A-543;Created;24.08.2025 12:51:02
ART_A-543;Analysis;24.08.2025 14:12:13
ART_A-542;Created;21.08.2025 14:29:53
ART_A-542;Implementation;13.10.2025 11:41:04
ART_A-542;Program Backlog;08.09.2025 10:59:24
ART_A-542;Analysis;08.09.2025 08:38:24
ART_A-541;Created;18.08.2025 13:47:24
ART_A-536;Created;18.08.2025 10:26:05
ART_A-534;Created;17.08.2025 16:56:29
ART_A-534;Analysis;24.08.2025 14:10:02
ART_A-533;Created;17.08.2025 16:55:37
ART_A-533;Implementation;15.11.2025 10:11:25
ART_A-533;Analysis;24.08.2025 14:09:56
ART_A-526;Created;17.08.2025 10:11:30
ART_A-525;Created;17.08.2025 09:55:25
ART_A-524;Created;17.08.2025 08:42:14
ART_A-522;Created;16.08.2025 13:39:06
ART_A-522;Done;30.11.2025 14:00:11
ART_A-522;Releasing;30.11.2025 13:59:42
ART_A-522;Implementation;21.11.2025 13:26:46
ART_A-522;Program Backlog;01.09.2025 14:56:15
ART_A-522;Analysis;16.08.2025 13:39:19
ART_A-521;Created;16.08.2025 13:29:23
ART_A-521;Done;23.11.2025 17:29:14
ART_A-521;Releasing;23.11.2025 17:29:06
ART_A-521;Implementation;10.10.2025 13:40:06
ART_A-521;Program Backlog;11.09.2025 18:15:20
ART_A-521;Analysis;11.09.2025 18:15:06
ART_A-521;Funnel;11.09.2025 18:14:33
ART_A-521;Program Backlog;01.09.2025 14:55:33
ART_A-521;Analysis;16.08.2025 13:29:39
ART_A-520;Created;15.08.2025 14:04:51
ART_A-517;Created;27.07.2025 13:51:12
ART_A-515;Created;26.07.2025 14:50:08
ART_A-515;Done;14.11.2025 08:20:32
ART_A-515;Implementation;13.10.2025 11:40:22
ART_A-515;Program Backlog;07.08.2025 09:02:56
ART_A-515;Analysis;26.07.2025 14:51:37
ART_A-514;Created;26.07.2025 12:04:25
ART_A-514;Done;24.08.2025 13:32:57
ART_A-514;Implementation;24.08.2025 13:29:15
ART_A-514;Program Backlog;24.08.2025 13:27:25
ART_A-514;Done;01.08.2025 11:28:09
ART_A-514;Implementation;01.08.2025 11:20:38
ART_A-514;Program Backlog;26.07.2025 12:10:05
ART_A-513;Created;24.07.2025 13:32:20
ART_A-510;Created;19.07.2025 14:24:41
ART_A-509;Created;19.07.2025 14:15:10
ART_A-508;Created;18.07.2025 11:10:40
ART_A-508;Done;13.10.2025 11:57:13
ART_A-507;Created;17.07.2025 13:37:05
ART_A-507;Done;24.10.2025 09:30:53
ART_A-507;Releasing;19.10.2025 09:22:54
ART_A-507;Implementation;06.10.2025 11:06:04
ART_A-507;Program Backlog;12.09.2025 14:10:35
ART_A-507;Analysis;17.08.2025 13:47:03
ART_A-502;Created;04.07.2025 07:38:04
ART_A-501;Created;03.07.2025 14:02:51
ART_A-501;Funnel;08.11.2025 07:45:07
ART_A-501;Analysis;08.11.2025 07:44:45
ART_A-500;Created;29.06.2025 14:26:49
ART_A-499;Created;27.06.2025 09:04:13
ART_A-499;Releasing;02.11.2025 09:38:41
ART_A-499;Implementation;13.10.2025 11:39:56
ART_A-499;Program Backlog;18.07.2025 09:54:35
ART_A-499;Analysis;28.06.2025 13:37:52
ART_A-480;Created;22.06.2025 13:28:09
ART_A-480;Implementation;15.11.2025 15:24:04
ART_A-478;Created;21.06.2025 14:08:54
ART_A-478;Done;12.09.2025 09:11:48
ART_A-478;Implementation;31.08.2025 10:44:34
ART_A-477;Created;21.06.2025 14:07:34
ART_A-477;Done;14.09.2025 10:57:23
ART_A-477;Implementation;28.06.2025 12:55:14
ART_A-477;Program Backlog;28.06.2025 12:55:08
ART_A-473;Created;20.06.2025 17:04:30
ART_A-473;Implementation;24.11.2025 13:07:18
ART_A-473;Analysis;13.09.2025 12:57:54
ART_A-471;Created;20.06.2025 15:32:08
ART_A-471;Implementation;08.11.2025 10:51:38
ART_A-471;Analysis;01.09.2025 13:57:30
ART_A-469;Created;20.06.2025 09:54:15
ART_A-469;Done;12.09.2025 14:02:52
ART_A-469;Releasing;12.09.2025 13:59:04
ART_A-469;Implementation;18.08.2025 09:55:32
ART_A-469;Program Backlog;20.06.2025 09:55:32
ART_A-467;Created;19.06.2025 16:24:50
ART_A-467;Done;04.09.2025 13:25:13
ART_A-467;Releasing;04.09.2025 13:25:06
ART_A-467;Implementation;16.08.2025 13:13:40
ART_A-467;Program Backlog;16.08.2025 13:13:30
ART_A-467;Analysis;19.06.2025 16:37:20
ART_A-466;Created;19.06.2025 16:22:26
ART_A-466;Done;13.09.2025 10:42:42
ART_A-466;Releasing;12.09.2025 15:40:01
ART_A-466;Implementation;16.08.2025 13:11:07
ART_A-466;Program Backlog;16.08.2025 13:04:25
ART_A-466;Analysis;19.06.2025 16:22:33
ART_A-465;Created;19.06.2025 15:54:22
ART_A-465;Done;12.09.2025 09:14:53
ART_A-465;Program Backlog;11.09.2025 13:54:01
ART_A-465;Implementation;28.06.2025 12:55:41
ART_A-465;Program Backlog;28.06.2025 12:55:06
ART_A-464;Created;19.06.2025 15:05:37
ART_A-464;Done;14.09.2025 10:56:32
ART_A-464;Implementation;12.09.2025 09:21:16
ART_A-464;Program Backlog;28.06.2025 12:55:02
ART_A-462;Created;19.06.2025 11:02:05
ART_A-460;Created;19.06.2025 10:13:16
ART_A-460;Done;13.11.2025 12:09:18
ART_A-460;Implementation;28.06.2025 12:55:37
ART_A-460;Program Backlog;28.06.2025 12:55:04
ART_A-459;Created;19.06.2025 10:11:01
ART_A-459;Done;11.09.2025 13:52:10
ART_A-459;Implementation;28.08.2025 13:18:01
ART_A-459;Program Backlog;28.06.2025 12:55:00
ART_A-458;Created;19.06.2025 10:10:25
ART_A-458;Done;11.09.2025 13:57:48
ART_A-458;Implementation;28.08.2025 13:18:18
ART_A-458;Program Backlog;28.06.2025 12:54:54
ART_A-457;Created;19.06.2025 10:07:50
ART_A-457;Done;12.09.2025 09:18:11
ART_A-457;Releasing;31.08.2025 10:46:14
ART_A-457;Implementation;28.06.2025 12:55:24
ART_A-457;Program Backlog;28.06.2025 12:54:51
ART_A-456;Created;16.06.2025 11:41:25
ART_A-456;Funnel;22.11.2025 08:13:57
ART_A-456;Analysis;16.11.2025 15:43:06
ART_A-456;Implementation;13.10.2025 11:40:43
ART_A-456;Program Backlog;15.08.2025 11:12:57
ART_A-456;Analysis;26.07.2025 15:12:20
ART_A-454;Created;15.06.2025 15:34:18
ART_A-454;Analysis;31.10.2025 10:27:03
ART_A-454;Funnel;31.10.2025 10:26:53
ART_A-454;Analysis;31.10.2025 10:26:37
ART_A-454;Funnel;13.10.2025 16:17:30
ART_A-454;Analysis;22.06.2025 14:49:58
ART_A-454;Program Backlog;21.06.2025 10:59:30
ART_A-454;Analysis;15.06.2025 15:34:25
ART_A-453;Created;13.06.2025 14:20:10
ART_A-453;Done;11.09.2025 09:56:30
ART_A-453;Implementation;11.09.2025 09:54:57
ART_A-453;Program Backlog;16.06.2025 15:41:35
ART_A-453;Analysis;15.06.2025 14:03:35
ART_A-453;Program Backlog;13.06.2025 14:20:22
ART_A-452;Created;15.06.2025 13:26:31
ART_A-452;Funnel;07.11.2025 17:12:35
ART_A-452;Analysis;15.06.2025 13:27:48
ART_A-451;Created;15.06.2025 13:23:35
ART_A-450;Created;15.06.2025 12:05:04
ART_A-450;Done;08.09.2025 11:38:34
ART_A-450;Implementation;08.09.2025 11:38:06
ART_A-450;Done;21.08.2025 14:10:57
ART_A-450;Implementation;03.07.2025 14:09:08
ART_A-449;Created;15.06.2025 11:59:57
ART_A-449;Done;12.09.2025 14:03:14
ART_A-449;Releasing;12.09.2025 13:58:34
ART_A-449;Implementation;21.07.2025 13:43:08
ART_A-449;Program Backlog;15.06.2025 14:21:13
ART_A-449;Analysis;15.06.2025 12:00:08
ART_A-448;Created;15.06.2025 11:07:55
ART_A-448;Done;13.09.2025 10:43:50
ART_A-448;Releasing;13.09.2025 10:43:44
ART_A-448;Implementation;03.08.2025 11:36:09
ART_A-448;Program Backlog;16.06.2025 14:40:04
ART_A-448;Analysis;15.06.2025 11:08:48
ART_A-447;Created;15.06.2025 10:14:28
ART_A-447;Done;13.09.2025 10:43:22
ART_A-447;Releasing;13.09.2025 10:43:16
ART_A-447;Implementation;01.09.2025 09:30:01
ART_A-447;Program Backlog;21.06.2025 15:08:17
ART_A-447;Analysis;19.06.2025 08:14:16
ART_A-446;Created;14.06.2025 17:00:50
ART_A-446;Implementation;27.06.2025 09:01:22
ART_A-446;Program Backlog;19.06.2025 14:03:57
ART_A-446;Analysis;14.06.2025 17:02:06
ART_A-445;Created;14.06.2025 16:33:55
ART_A-445;Done;01.09.2025 09:28:04
ART_A-445;Releasing;01.09.2025 09:27:47
ART_A-445;Implementation;10.07.2025 15:17:05
ART_A-445;Program Backlog;16.06.2025 14:38:06
ART_A-445;Analysis;14.06.2025 16:34:02
ART_A-444;Created;14.06.2025 16:05:06
ART_A-444;Done;01.09.2025 13:38:37
ART_A-444;Releasing;01.09.2025 13:35:15
ART_A-444;Implementation;27.06.2025 09:01:56
ART_A-444;Program Backlog;14.06.2025 16:09:49
ART_A-443;Created;14.06.2025 15:29:32
ART_A-443;Done;12.09.2025 14:01:31
ART_A-443;Releasing;12.09.2025 13:59:44
ART_A-443;Implementation;21.07.2025 13:41:34
ART_A-443;Program Backlog;15.06.2025 14:21:10
ART_A-443;Analysis;14.06.2025 15:29:49
ART_A-441;Created;14.06.2025 14:45:36
ART_A-441;Analysis;19.10.2025 10:06:15
ART_A-439;Created;14.06.2025 14:04:01
ART_A-439;Done;24.11.2025 14:47:07
ART_A-439;Implementation;21.08.2025 13:18:53
ART_A-439;Program Backlog;20.06.2025 13:52:22
ART_A-439;Analysis;14.06.2025 14:09:32
ART_A-438;Created;14.06.2025 13:35:42
ART_A-438;Done;29.11.2025 09:21:34
ART_A-437;Created;14.06.2025 13:33:04
ART_A-437;Funnel;21.11.2025 14:43:50
ART_A-437;Program Backlog;02.11.2025 09:42:39
ART_A-437;Implementation;10.07.2025 10:52:24
ART_A-437;Program Backlog;30.06.2025 10:15:18
ART_A-437;Analysis;14.06.2025 17:04:23
ART_A-436;Created;14.06.2025 11:46:19
ART_A-436;Done;08.09.2025 11:40:20
ART_A-436;Implementation;08.09.2025 11:40:10
ART_A-436;Done;05.09.2025 11:44:42
ART_A-436;Implementation;03.07.2025 14:07:52
ART_A-434;Created;13.06.2025 14:11:35
ART_A-434;Done;11.09.2025 08:35:00
ART_A-434;Releasing;17.08.2025 10:21:21
ART_A-434;Implementation;10.07.2025 15:17:25
ART_A-434;Program Backlog;16.06.2025 14:15:27
ART_A-434;Analysis;13.06.2025 14:12:58
ART_A-431;Created;13.06.2025 10:22:31
ART_A-431;Done;12.09.2025 14:31:45
ART_A-431;Implementation;12.09.2025 14:03:27
ART_A-431;Done;12.09.2025 14:02:31
ART_A-431;Releasing;12.09.2025 14:00:00
ART_A-431;Implementation;18.08.2025 09:55:25
ART_A-431;Program Backlog;15.06.2025 14:21:07
ART_A-431;Analysis;13.06.2025 10:23:47
ART_A-430;Created;13.06.2025 10:05:37
ART_A-430;Done;14.11.2025 09:30:32
ART_A-430;Implementation;06.10.2025 11:06:13
ART_A-430;Program Backlog;12.09.2025 14:13:08
ART_A-430;Analysis;17.08.2025 14:04:32
ART_A-429;Created;13.06.2025 09:25:12
ART_A-429;Program Backlog;15.11.2025 15:23:17
ART_A-426;Created;12.06.2025 16:41:13
ART_A-426;Done;28.08.2025 13:00:01
ART_A-426;Releasing;23.08.2025 18:07:57
ART_A-426;Implementation;05.07.2025 13:14:58
ART_A-426;Program Backlog;15.06.2025 15:02:27
ART_A-426;Analysis;15.06.2025 13:00:46
ART_A-425;Created;07.06.2025 15:14:22
ART_A-425;Done;12.09.2025 09:24:37
ART_A-425;Releasing;01.09.2025 15:17:44
ART_A-425;Implementation;21.08.2025 13:17:56
ART_A-425;Program Backlog;20.06.2025 13:51:58
ART_A-425;Analysis;07.06.2025 15:14:27
ART_A-424;Created;07.06.2025 14:34:39
ART_A-424;Funnel;27.11.2025 11:14:34
ART_A-424;Analysis;31.10.2025 10:26:33
ART_A-424;Funnel;13.10.2025 16:17:35
ART_A-424;Analysis;01.09.2025 14:16:31
ART_A-423;Created;07.06.2025 14:30:24
ART_A-423;Done;08.11.2025 16:22:21
ART_A-423;Implementation;08.11.2025 11:15:32
ART_A-423;Funnel;31.10.2025 10:28:22
ART_A-423;Program Backlog;20.06.2025 13:52:36
ART_A-423;Analysis;07.06.2025 14:30:28
ART_A-422;Created;07.06.2025 14:27:19
ART_A-422;Funnel;31.10.2025 10:25:29
ART_A-422;Analysis;22.06.2025 15:37:02
ART_A-422;Program Backlog;20.06.2025 13:51:50
ART_A-422;Analysis;07.06.2025 14:29:18
ART_A-420;Created;07.06.2025 07:55:16
ART_A-420;Done;30.11.2025 07:29:05
ART_A-420;Releasing;30.11.2025 07:28:54
ART_A-420;Implementation;25.09.2025 14:11:25
ART_A-420;Program Backlog;12.09.2025 14:09:59
ART_A-420;Analysis;31.08.2025 14:59:56
ART_A-420;Funnel;31.08.2025 14:59:53
ART_A-420;Analysis;17.08.2025 13:47:06
ART_A-417;Created;06.06.2025 13:10:25
ART_A-417;Done;29.11.2025 16:24:53
ART_A-417;Releasing;22.11.2025 08:20:21
ART_A-417;Implementation;14.11.2025 11:09:05
ART_A-417;Program Backlog;20.06.2025 11:27:51
ART_A-417;Analysis;06.06.2025 15:07:42
ART_A-416;Created;06.06.2025 13:10:11
ART_A-416;Done;29.11.2025 16:24:32
ART_A-416;Releasing;22.11.2025 08:20:42
ART_A-416;Implementation;23.10.2025 13:14:26
ART_A-416;Program Backlog;20.06.2025 11:24:52
ART_A-416;Analysis;06.06.2025 15:07:49
ART_A-412;Created;17.05.2025 15:38:08
ART_A-412;Program Backlog;15.11.2025 15:22:47
ART_A-411;Created;17.05.2025 12:59:30
ART_A-411;Done;12.09.2025 14:02:15
ART_A-411;Releasing;16.08.2025 10:28:41
ART_A-411;Implementation;27.06.2025 10:24:57
ART_A-411;Program Backlog;15.06.2025 14:17:17
ART_A-411;Analysis;13.06.2025 10:07:12
ART_A-410;Created;16.05.2025 16:51:31
ART_A-410;Program Backlog;15.11.2025 15:22:25
ART_A-409;Created;16.05.2025 16:38:13
ART_A-409;Releasing;30.11.2025 07:29:10
ART_A-409;Implementation;14.11.2025 12:31:51
ART_A-409;Program Backlog;12.09.2025 14:09:09
ART_A-409;Analysis;17.08.2025 14:05:09
ART_A-408;Created;15.05.2025 14:20:39
ART_A-408;Done;18.10.2025 13:37:03
ART_A-408;Implementation;27.06.2025 09:01:52
ART_A-408;Program Backlog;13.06.2025 16:30:56
ART_A-408;Analysis;16.05.2025 15:48:33
ART_A-407;Created;09.05.2025 18:48:49
ART_A-406;Created;08.05.2025 14:55:05
ART_A-406;Program Backlog;15.11.2025 15:22:19
ART_A-405;Created;08.05.2025 09:34:04
ART_A-405;Program Backlog;15.11.2025 15:22:12
ART_A-404;Created;05.05.2025 14:18:29
ART_A-404;Done;13.11.2025 13:23:34
ART_A-404;Implementation;01.08.2025 10:40:53
ART_A-404;Program Backlog;27.06.2025 09:02:03
ART_A-404;Analysis;05.05.2025 14:19:22
ART_A-403;Created;03.05.2025 14:41:10
ART_A-403;Implementation;15.11.2025 15:22:02
ART_A-401;Created;02.05.2025 14:36:40
ART_A-401;Implementation;15.11.2025 15:21:32
ART_A-400;Created;02.05.2025 14:13:51
ART_A-400;Program Backlog;15.11.2025 15:21:23
ART_A-398;Created;25.04.2025 10:31:40
ART_A-398;Done;23.08.2025 18:10:10
ART_A-398;Releasing;23.08.2025 18:07:41
ART_A-398;Implementation;03.08.2025 11:36:42
ART_A-398;Releasing;13.07.2025 10:57:17
ART_A-398;Implementation;05.07.2025 13:14:03
ART_A-398;Program Backlog;07.06.2025 13:01:29
ART_A-398;Analysis;25.04.2025 10:31:47
ART_A-396;Created;31.03.2025 10:56:51
ART_A-396;Done;16.05.2025 15:50:48
ART_A-396;Releasing;16.05.2025 15:50:35
ART_A-396;Validating on Staging;16.05.2025 15:50:31
ART_A-396;Program Backlog;16.05.2025 15:50:29
ART_A-396;Analysis;16.05.2025 15:50:27
ART_A-369;Created;27.03.2025 14:42:17
ART_A-369;Funnel;17.08.2025 14:26:28
ART_A-369;Analysis;12.06.2025 14:23:47
ART_A-367;Created;22.03.2025 18:31:45
ART_A-367;Implementation;15.11.2025 15:20:42
ART_A-366;Created;22.03.2025 12:55:56
ART_A-366;Done;06.06.2025 14:44:50
ART_A-366;Releasing;05.06.2025 10:14:43
ART_A-366;Implementation;03.05.2025 13:45:46
ART_A-366;Analysis;22.03.2025 13:58:09
ART_A-365;Created;21.03.2025 10:55:50
ART_A-365;Done;07.06.2025 13:39:22
ART_A-365;Releasing;15.05.2025 11:08:49
ART_A-365;Implementation;05.04.2025 14:17:01
ART_A-365;Program Backlog;29.03.2025 13:53:00
ART_A-365;Analysis;22.03.2025 13:18:22
ART_A-364;Created;20.03.2025 09:14:27
ART_A-364;Done;19.06.2025 10:24:13
ART_A-364;Program Backlog;15.06.2025 14:21:19
ART_A-364;Analysis;12.06.2025 14:23:42
ART_A-363;Created;20.03.2025 09:07:33
ART_A-363;Done;19.06.2025 10:43:36
ART_A-363;Releasing;13.06.2025 09:49:22
ART_A-363;Implementation;22.05.2025 15:56:14
ART_A-363;Program Backlog;30.03.2025 15:08:17
ART_A-362;Created;16.03.2025 08:23:03
ART_A-362;Done;19.06.2025 11:43:58
ART_A-362;Implementation;03.05.2025 13:45:08
ART_A-362;Analysis;22.03.2025 12:51:59
ART_A-361;Created;15.03.2025 15:55:02
ART_A-360;Created;15.03.2025 14:16:15
ART_A-360;Done;16.06.2025 10:49:18
ART_A-360;Releasing;16.06.2025 10:46:59
ART_A-360;Implementation;07.06.2025 13:01:08
ART_A-360;Program Backlog;29.03.2025 13:53:20
ART_A-360;Analysis;15.03.2025 14:21:23
ART_A-355;Created;14.03.2025 08:03:50
ART_A-355;Done;07.06.2025 07:36:15
ART_A-355;Releasing;03.05.2025 13:46:10
ART_A-355;Implementation;11.04.2025 15:27:30
ART_A-355;Analysis;14.03.2025 08:05:01
ART_A-354;Created;10.03.2025 15:36:05
ART_A-354;Done;27.06.2025 09:01:34
ART_A-354;Releasing;19.06.2025 16:07:13
ART_A-354;Validating on Staging;31.03.2025 10:52:31
ART_A-354;Program Backlog;13.03.2025 14:21:30
ART_A-354;Analysis;10.03.2025 15:36:26
ART_A-353;Created;10.03.2025 15:34:16
ART_A-353;Done;11.07.2025 13:18:07
ART_A-353;Releasing;11.07.2025 13:18:01
ART_A-353;Implementation;28.04.2025 11:04:12
ART_A-353;Program Backlog;14.03.2025 10:31:00
ART_A-353;Analysis;10.03.2025 15:35:07
ART_A-349;Created;10.03.2025 12:54:02
ART_A-349;Done;20.06.2025 14:10:10
ART_A-349;Implementation;05.06.2025 17:33:28
ART_A-349;Program Backlog;27.03.2025 12:01:57
ART_A-349;Analysis;10.03.2025 12:55:59
ART_A-348;Created;10.03.2025 12:53:16
ART_A-348;Done;07.06.2025 14:00:14
ART_A-348;Releasing;07.06.2025 14:00:09
ART_A-348;Implementation;31.03.2025 11:33:45
ART_A-348;Program Backlog;27.03.2025 12:01:54
ART_A-348;Analysis;10.03.2025 12:55:53
ART_A-347;Created;10.03.2025 12:51:05
ART_A-347;Funnel;07.06.2025 13:55:23
ART_A-347;Analysis;10.03.2025 12:51:23
ART_A-346;Created;10.03.2025 12:49:32
ART_A-346;Done;31.10.2025 10:49:29
ART_A-346;Implementation;31.03.2025 11:34:52
ART_A-346;Program Backlog;27.03.2025 12:01:50
ART_A-346;Analysis;10.03.2025 12:49:40
ART_A-345;Created;10.03.2025 12:45:23
ART_A-345;Funnel;31.10.2025 10:26:14
ART_A-345;Analysis;30.03.2025 13:26:35
ART_A-345;Program Backlog;27.03.2025 12:01:48
ART_A-345;Analysis;10.03.2025 12:47:24
ART_A-344;Created;10.03.2025 12:44:21
ART_A-344;Done;21.06.2025 11:09:53
ART_A-344;Implementation;31.03.2025 11:33:35
ART_A-344;Program Backlog;27.03.2025 11:56:42
ART_A-344;Analysis;10.03.2025 12:46:53
ART_A-343;Created;10.03.2025 12:43:50
ART_A-343;Done;08.11.2025 09:59:13
ART_A-343;Releasing;01.09.2025 15:17:49
ART_A-343;Implementation;04.07.2025 13:43:29
ART_A-343;Program Backlog;27.03.2025 11:56:50
ART_A-343;Analysis;10.03.2025 12:46:03
ART_A-341;Created;09.03.2025 15:02:44
ART_A-341;Done;25.04.2025 10:09:25
ART_A-341;Implementation;31.03.2025 10:18:18
ART_A-341;Analysis;09.03.2025 15:06:05
ART_A-340;Created;09.03.2025 14:58:49
ART_A-340;Done;21.08.2025 13:50:07
ART_A-340;Implementation;31.03.2025 10:17:46
ART_A-340;Analysis;09.03.2025 15:05:59
ART_A-339;Created;09.03.2025 14:53:53
ART_A-339;Analysis;09.03.2025 14:58:06
ART_A-338;Created;09.03.2025 14:52:10
ART_A-338;Funnel;22.06.2025 10:47:31
ART_A-338;Analysis;09.03.2025 14:58:01
ART_A-337;Created;09.03.2025 14:51:37
ART_A-337;Done;08.09.2025 11:39:30
ART_A-337;Implementation;08.09.2025 11:39:18
ART_A-337;Done;21.08.2025 17:53:21
ART_A-337;Done;15.08.2025 09:47:43
ART_A-337;Implementation;03.07.2025 14:08:58
ART_A-337;Analysis;09.03.2025 14:58:03
ART_A-334;Created;09.03.2025 14:49:32
ART_A-334;Done;23.11.2025 15:47:01
ART_A-334;Implementation;03.07.2025 14:08:54
ART_A-334;Analysis;09.03.2025 14:57:56
ART_A-333;Created;09.03.2025 14:48:31
ART_A-333;Done;19.07.2025 14:41:22
ART_A-333;Releasing;03.07.2025 14:09:36
ART_A-333;Implementation;31.03.2025 10:17:55
ART_A-333;Analysis;09.03.2025 14:57:52
ART_A-332;Created;09.03.2025 14:47:37
ART_A-332;Analysis;09.03.2025 14:57:53
ART_A-331;Created;09.03.2025 14:46:34
ART_A-331;Done;16.06.2025 10:48:02
ART_A-331;Implementation;31.03.2025 10:18:01
ART_A-331;Analysis;09.03.2025 14:57:49
ART_A-328;Created;09.03.2025 10:42:36
ART_A-328;Done;23.03.2025 13:42:01
ART_A-328;Analysis;09.03.2025 11:45:24
ART_A-327;Created;09.03.2025 10:41:11
ART_A-327;Implementation;15.11.2025 15:20:01
ART_A-327;Analysis;09.03.2025 11:45:22
ART_A-326;Created;09.03.2025 10:40:50
ART_A-326;Implementation;15.11.2025 15:19:44
ART_A-326;Analysis;09.03.2025 11:45:20
ART_A-325;Created;09.03.2025 10:40:34
ART_A-325;Implementation;15.11.2025 15:19:19
ART_A-325;Analysis;09.03.2025 11:45:19
ART_A-324;Created;09.03.2025 10:40:18
ART_A-324;Implementation;15.11.2025 15:19:06
ART_A-324;Analysis;09.03.2025 11:45:17
ART_A-323;Created;09.03.2025 10:40:01
ART_A-323;Done;15.11.2025 15:18:49
ART_A-323;Analysis;09.03.2025 11:45:15
ART_A-322;Created;09.03.2025 10:39:34
ART_A-322;Implementation;15.11.2025 15:18:25
ART_A-322;Analysis;09.03.2025 11:45:14
ART_A-321;Created;09.03.2025 10:39:15
ART_A-321;Done;15.11.2025 15:17:57
ART_A-321;Analysis;09.03.2025 11:45:11
ART_A-320;Created;09.03.2025 10:38:57
ART_A-320;Implementation;15.11.2025 15:15:03
ART_A-320;Analysis;09.03.2025 11:45:12
ART_A-319;Created;09.03.2025 10:38:35
ART_A-319;Done;15.11.2025 15:17:44
ART_A-319;Analysis;09.03.2025 11:45:09
ART_A-318;Created;09.03.2025 09:55:42
ART_A-318;Funnel;24.11.2025 13:22:13
ART_A-318;Implementation;02.05.2025 14:05:58
ART_A-318;Program Backlog;28.03.2025 10:02:26
ART_A-318;Analysis;09.03.2025 09:56:04
ART_A-317;Created;09.03.2025 09:53:11
ART_A-317;Done;02.05.2025 14:05:35
ART_A-317;Implementation;02.05.2025 14:05:26
ART_A-317;Program Backlog;28.03.2025 10:02:23
ART_A-317;Analysis;09.03.2025 09:54:47
ART_A-316;Created;08.03.2025 16:42:10
ART_A-315;Created;08.03.2025 16:30:51
ART_A-315;Analysis;08.11.2025 07:44:19
ART_A-314;Created;08.03.2025 16:26:57
ART_A-314;Done;13.09.2025 10:35:50
ART_A-314;Releasing;04.09.2025 10:18:13
ART_A-314;Implementation;10.07.2025 10:46:22
ART_A-314;Program Backlog;04.07.2025 10:07:30
ART_A-314;Analysis;27.06.2025 09:02:56
ART_A-314;Funnel;21.06.2025 15:39:47
ART_A-314;Program Backlog;22.05.2025 15:26:12
ART_A-314;Analysis;05.05.2025 14:16:42
ART_A-313;Created;08.03.2025 16:24:10
ART_A-313;Done;15.08.2025 11:14:23
ART_A-313;Releasing;15.08.2025 11:13:46
ART_A-313;Implementation;27.06.2025 09:01:42
ART_A-313;Program Backlog;12.05.2025 15:14:24
ART_A-313;Analysis;04.05.2025 14:29:55
ART_A-312;Created;08.03.2025 14:12:31
ART_A-312;Funnel;14.11.2025 14:27:30
ART_A-312;Program Backlog;27.03.2025 11:55:11
ART_A-312;Analysis;08.03.2025 14:12:35
ART_A-311;Created;08.03.2025 14:10:18
ART_A-311;Done;01.09.2025 15:11:47
ART_A-311;Releasing;21.08.2025 13:13:57
ART_A-311;Implementation;07.06.2025 14:02:50
ART_A-311;Program Backlog;27.03.2025 11:55:05
ART_A-311;Analysis;08.03.2025 14:10:27
ART_A-310;Created;08.03.2025 14:05:08
ART_A-310;Done;23.08.2025 18:08:55
ART_A-310;Releasing;23.08.2025 18:08:22
ART_A-310;Implementation;05.07.2025 13:14:23
ART_A-310;Program Backlog;01.06.2025 13:18:23
ART_A-310;Analysis;17.05.2025 10:18:45
ART_A-310;Program Backlog;24.04.2025 10:51:25
ART_A-310;Analysis;08.03.2025 14:26:21
ART_A-309;Created;08.03.2025 10:39:38
ART_A-309;Done;13.11.2025 16:07:27
ART_A-309;Funnel;21.06.2025 10:45:43
ART_A-309;Program Backlog;31.03.2025 11:50:56
ART_A-309;Analysis;08.03.2025 10:44:59
ART_A-308;Created;08.03.2025 10:38:27
ART_A-308;Done;13.11.2025 16:07:26
ART_A-307;Created;08.03.2025 10:36:41
ART_A-307;Done;13.11.2025 16:07:24
ART_A-306;Created;08.03.2025 10:35:59
ART_A-306;Done;13.11.2025 16:07:22
ART_A-305;Created;08.03.2025 10:35:30
ART_A-305;Done;13.11.2025 16:07:21
ART_A-304;Created;08.03.2025 10:34:54
ART_A-304;Done;13.11.2025 16:07:19
ART_A-303;Created;08.03.2025 10:33:56
ART_A-303;Done;13.11.2025 16:09:30
ART_A-303;Program Backlog;31.03.2025 11:50:47
ART_A-303;Analysis;08.03.2025 10:42:22
ART_A-302;Created;08.03.2025 10:19:38
ART_A-302;Done;13.11.2025 16:07:17
ART_A-301;Created;08.03.2025 10:18:48
ART_A-301;Done;13.11.2025 16:07:15
ART_A-301;Funnel;30.08.2025 10:33:34
ART_A-301;Analysis;30.08.2025 10:32:47
ART_A-300;Created;08.03.2025 10:17:14
ART_A-300;Done;13.11.2025 16:07:13
ART_A-299;Created;08.03.2025 10:13:19
ART_A-299;Done;13.11.2025 16:09:29
ART_A-299;Program Backlog;31.03.2025 11:50:36
ART_A-299;Analysis;08.03.2025 10:42:09
ART_A-298;Created;07.03.2025 16:15:58
ART_A-298;Done;04.09.2025 10:02:29
ART_A-297;Created;07.03.2025 15:24:14
ART_A-297;Implementation;05.04.2025 14:17:04
ART_A-297;Program Backlog;29.03.2025 13:53:03
ART_A-297;Analysis;09.03.2025 14:39:04
ART_A-295;Created;07.03.2025 12:34:09
ART_A-295;Done;07.06.2025 13:39:16
ART_A-295;Releasing;05.04.2025 14:25:00
ART_A-295;Implementation;05.04.2025 14:16:57
ART_A-295;Program Backlog;29.03.2025 13:52:53
ART_A-295;Analysis;09.03.2025 11:18:04
ART_A-294;Created;07.03.2025 12:30:11
ART_A-293;Created;07.03.2025 12:26:23
ART_A-293;Funnel;26.10.2025 13:16:57
ART_A-293;Program Backlog;01.09.2025 14:57:14
ART_A-293;Analysis;27.07.2025 16:29:33
ART_A-291;Created;07.03.2025 12:20:59
ART_A-291;Done;23.08.2025 18:09:09
ART_A-291;Releasing;23.08.2025 18:08:12
ART_A-291;Implementation;05.07.2025 13:14:15
ART_A-291;Program Backlog;07.06.2025 13:05:03
ART_A-291;Analysis;08.03.2025 14:26:10
ART_A-290;Created;07.03.2025 12:19:53
ART_A-290;Done;23.08.2025 18:09:56
ART_A-290;Releasing;16.08.2025 13:06:28
ART_A-290;Implementation;03.08.2025 11:35:58
ART_A-290;Program Backlog;13.06.2025 13:57:15
ART_A-290;Analysis;01.06.2025 14:39:56
ART_A-289;Created;07.03.2025 12:18:58
ART_A-289;Done;23.08.2025 18:09:24
ART_A-289;Releasing;16.08.2025 13:05:59
ART_A-289;Implementation;17.07.2025 08:51:51
ART_A-289;Program Backlog;07.06.2025 14:31:28
ART_A-289;Analysis;07.06.2025 14:31:10
ART_A-289;Program Backlog;07.06.2025 13:05:31
ART_A-289;Analysis;01.06.2025 13:25:07
ART_A-288;Created;07.03.2025 12:18:04
ART_A-288;Done;23.08.2025 18:09:34
ART_A-288;Releasing;16.08.2025 13:06:11
ART_A-288;Implementation;17.07.2025 08:52:01
ART_A-288;Program Backlog;13.06.2025 13:50:41
ART_A-288;Analysis;05.06.2025 16:12:30
ART_A-287;Created;07.03.2025 12:15:14
ART_A-287;Done;07.11.2025 08:11:37
ART_A-287;Releasing;10.10.2025 13:38:30
ART_A-287;Implementation;16.08.2025 13:11:47
ART_A-287;Program Backlog;15.06.2025 14:32:26
ART_A-287;Analysis;25.04.2025 10:24:20
ART_A-286;Created;07.03.2025 12:08:00
ART_A-285;Created;07.03.2025 12:06:10
ART_A-285;Done;15.06.2025 13:05:04
ART_A-285;Releasing;15.06.2025 08:56:00
ART_A-285;Implementation;26.05.2025 11:02:00
ART_A-285;Program Backlog;29.03.2025 13:53:15
ART_A-285;Analysis;08.03.2025 14:26:30
ART_A-284;Created;07.03.2025 11:50:34
ART_A-283;Created;07.03.2025 11:49:26
ART_A-283;Done;07.11.2025 08:33:43
ART_A-283;Releasing;07.11.2025 08:13:42
ART_A-283;Implementation;17.10.2025 15:14:00
ART_A-283;Program Backlog;01.09.2025 14:56:56
ART_A-283;Analysis;18.08.2025 10:55:49
ART_A-282;Created;07.03.2025 11:44:22
ART_A-282;Done;15.06.2025 13:04:39
ART_A-282;Releasing;15.06.2025 08:55:39
ART_A-282;Implementation;26.05.2025 11:01:50
ART_A-282;Program Backlog;29.03.2025 13:53:12
ART_A-282;Analysis;08.03.2025 14:26:38
ART_A-281;Created;07.03.2025 11:43:40
ART_A-281;Done;17.08.2025 10:20:50
ART_A-281;Releasing;16.08.2025 13:05:43
ART_A-281;Implementation;17.07.2025 08:50:55
ART_A-281;Program Backlog;26.05.2025 11:29:50
ART_A-281;Implementation;26.05.2025 11:02:58
ART_A-281;Program Backlog;26.05.2025 11:02:53
ART_A-281;Analysis;24.04.2025 10:58:36
ART_A-280;Created;07.03.2025 11:40:03
ART_A-280;Done;15.06.2025 13:05:31
ART_A-280;Releasing;15.06.2025 08:55:48
ART_A-280;Implementation;07.06.2025 13:02:52
ART_A-280;Program Backlog;29.03.2025 13:53:09
ART_A-280;Analysis;08.03.2025 14:26:15
ART_A-279;Created;07.03.2025 11:35:51
ART_A-279;Done;19.06.2025 09:19:58
ART_A-279;Releasing;19.06.2025 09:19:51
ART_A-279;Implementation;02.05.2025 11:58:46
ART_A-279;Program Backlog;29.03.2025 13:53:06
ART_A-279;Analysis;08.03.2025 14:26:46
ART_A-277;Created;03.03.2025 11:29:11
ART_A-277;Done;13.11.2025 16:14:38
ART_A-277;Implementation;03.03.2025 11:29:37
ART_A-275;Created;01.03.2025 16:04:31
ART_A-275;Done;11.09.2025 13:53:51
ART_A-275;Implementation;30.03.2025 09:37:40
ART_A-275;Program Backlog;28.03.2025 10:02:07
ART_A-275;Analysis;09.03.2025 09:49:40
ART_A-274;Created;01.03.2025 15:55:05
ART_A-274;Done;11.09.2025 13:54:19
ART_A-274;Implementation;30.03.2025 09:37:30
ART_A-274;Program Backlog;28.03.2025 10:02:05
ART_A-274;Analysis;09.03.2025 09:49:37
ART_A-273;Created;01.03.2025 14:20:01
ART_A-272;Created;01.03.2025 12:51:43
ART_A-272;Funnel;07.06.2025 13:55:14
ART_A-272;Analysis;01.03.2025 12:52:22
ART_A-271;Created;01.03.2025 11:34:49
ART_A-271;Done;05.06.2025 13:37:02
ART_A-271;Implementation;02.05.2025 14:04:51
ART_A-271;Program Backlog;28.03.2025 10:02:16
ART_A-271;Analysis;09.03.2025 09:51:58
ART_A-270;Created;28.02.2025 13:47:25
ART_A-270;Done;26.05.2025 08:46:53
ART_A-270;Releasing;22.05.2025 16:15:14
ART_A-270;Implementation;11.04.2025 15:27:25
ART_A-270;Analysis;09.03.2025 10:10:22
ART_A-269;Created;27.02.2025 14:33:37
ART_A-268;Created;23.02.2025 15:58:22
ART_A-268;Done;15.06.2025 13:36:31
ART_A-268;Releasing;14.06.2025 16:05:20
ART_A-268;Implementation;28.04.2025 11:04:06
ART_A-268;Program Backlog;15.03.2025 13:31:30
ART_A-268;Analysis;08.03.2025 10:59:02
ART_A-267;Created;15.02.2025 15:54:19
ART_A-267;Releasing;30.11.2025 07:30:35
ART_A-267;Implementation;14.11.2025 12:31:49
ART_A-267;Program Backlog;13.09.2025 11:40:10
ART_A-267;Analysis;11.09.2025 08:19:50
ART_A-265;Created;14.02.2025 15:07:14
ART_A-265;Done;31.08.2025 15:01:10
ART_A-264;Created;13.02.2025 16:25:45
ART_A-264;Done;22.06.2025 13:12:46
ART_A-264;Implementation;05.06.2025 15:17:49
ART_A-264;Done;05.06.2025 13:39:22
ART_A-264;Implementation;02.05.2025 14:04:54
ART_A-264;Program Backlog;28.03.2025 10:02:19
ART_A-264;Analysis;09.03.2025 09:49:32
ART_A-259;Created;13.02.2025 14:47:04
ART_A-259;Done;22.06.2025 13:39:24
ART_A-259;Implementation;28.03.2025 10:57:18
ART_A-259;Releasing;28.03.2025 09:18:14
ART_A-259;Implementation;13.02.2025 14:54:25
ART_A-255;Created;13.02.2025 12:52:27
ART_A-255;Validating on Staging;13.02.2025 12:52:43
ART_A-254;Created;13.02.2025 12:49:31
ART_A-254;Done;30.11.2025 08:16:32
ART_A-254;Releasing;13.02.2025 12:49:54
ART_A-253;Created;13.02.2025 12:48:54
ART_A-253;Done;30.11.2025 08:16:19
ART_A-253;Releasing;13.02.2025 12:49:46
ART_A-251;Created;10.02.2025 12:16:05
ART_A-251;Done;24.10.2025 09:44:06
ART_A-251;Implementation;10.02.2025 12:28:39
ART_A-250;Created;27.01.2025 07:38:23
ART_A-250;Done;15.06.2025 13:35:53
ART_A-250;Releasing;14.06.2025 13:24:43
ART_A-250;Implementation;03.04.2025 13:20:07
ART_A-250;Program Backlog;15.03.2025 13:40:23
ART_A-250;Analysis;30.01.2025 13:36:03
ART_A-249;Created;26.01.2025 08:02:07
ART_A-247;Created;21.12.2023 12:22:45
ART_A-247;Done;08.08.2024 15:27:47
ART_A-247;Releasing;13.04.2024 16:06:19
ART_A-247;Implementation;24.01.2024 16:02:26
ART_A-246;Created;01.07.2024 09:34:29
ART_A-246;Done;21.11.2024 13:33:55
ART_A-246;Releasing;08.11.2024 11:21:19
ART_A-246;Implementation;22.07.2024 10:51:11
ART_A-246;Program Backlog;18.07.2024 14:13:43
ART_A-246;Analysis;01.07.2024 09:36:55
ART_A-245;Created;25.01.2024 12:12:38
ART_A-245;Done;08.08.2024 15:28:12
ART_A-245;Releasing;12.07.2024 13:03:01
ART_A-245;Implementation;25.01.2024 13:18:50
ART_A-244;Created;21.02.2024 10:25:58
ART_A-244;Done;08.08.2024 15:28:29
ART_A-244;Releasing;12.07.2024 13:03:18
ART_A-244;Implementation;12.05.2024 09:26:00
ART_A-244;Program Backlog;12.05.2024 09:25:56
ART_A-244;Analysis;09.05.2024 09:39:18
ART_A-243;Created;21.12.2023 12:00:22
ART_A-243;Done;08.08.2024 15:17:42
ART_A-243;Releasing;09.05.2024 09:38:07
ART_A-243;Implementation;24.01.2024 16:00:00
ART_A-242;Created;16.12.2023 11:25:03
ART_A-242;Done;07.09.2024 14:15:34
ART_A-242;Implementation;12.05.2024 10:01:36
ART_A-242;Program Backlog;10.03.2024 14:00:03
ART_A-242;Analysis;10.03.2024 13:59:56
ART_A-242;Funnel;16.02.2024 14:38:02
ART_A-242;Program Backlog;07.02.2024 15:00:58
ART_A-242;Analysis;24.01.2024 16:07:52
ART_A-241;Created;18.01.2024 15:44:41
ART_A-241;Done;05.05.2024 14:42:23
ART_A-241;Implementation;20.04.2024 10:20:27
ART_A-241;Blocker;06.04.2024 10:44:25
ART_A-241;Analysis;08.02.2024 14:48:38
ART_A-241;Funnel;08.02.2024 14:48:34
ART_A-241;Program Backlog;07.02.2024 15:09:57
ART_A-241;Analysis;24.01.2024 16:32:08
ART_A-240;Created;21.12.2023 12:13:00
ART_A-240;Done;08.08.2024 15:27:37
ART_A-240;Releasing;13.04.2024 16:05:33
ART_A-240;Implementation;24.01.2024 16:02:16
ART_A-239;Created;24.01.2024 16:59:24
ART_A-239;Done;13.07.2024 10:13:47
ART_A-239;Releasing;13.07.2024 10:13:00
ART_A-239;Implementation;21.02.2024 14:07:48
ART_A-239;Program Backlog;02.02.2024 13:51:07
ART_A-239;Analysis;01.02.2024 08:23:18
ART_A-238;Created;15.12.2023 14:13:10
ART_A-238;Done;23.10.2024 15:49:18
ART_A-237;Created;21.12.2023 12:10:02
ART_A-237;Done;08.08.2024 15:27:28
ART_A-237;Releasing;09.05.2024 09:39:14
ART_A-237;Implementation;24.01.2024 16:00:06
ART_A-236;Created;22.03.2024 13:21:08
ART_A-236;Done;11.07.2024 15:21:33
ART_A-236;Implementation;12.05.2024 10:01:48
ART_A-236;Program Backlog;03.05.2024 14:51:31
ART_A-236;Analysis;03.05.2024 14:48:17
ART_A-235;Created;09.06.2024 14:28:52
ART_A-235;Done;14.11.2024 10:06:04
ART_A-235;Releasing;08.11.2024 09:42:15
ART_A-235;Implementation;22.07.2024 10:51:14
ART_A-235;Program Backlog;18.07.2024 14:12:56
ART_A-235;Analysis;13.07.2024 09:57:12
ART_A-234;Created;31.01.2024 17:40:20
ART_A-234;Done;24.10.2024 13:23:49
ART_A-234;Releasing;02.05.2024 14:53:33
ART_A-234;Implementation;13.04.2024 16:06:34
ART_A-234;Program Backlog;13.04.2024 16:06:31
ART_A-234;Analysis;01.02.2024 08:32:48
ART_A-233;Created;15.02.2024 13:28:12
ART_A-233;Done;02.05.2024 10:43:53
ART_A-233;Implementation;21.02.2024 14:45:50
ART_A-233;Program Backlog;21.02.2024 14:45:14
ART_A-233;Analysis;15.02.2024 13:30:13
ART_A-232;Created;25.01.2024 12:08:14
ART_A-232;Done;08.08.2024 15:30:37
ART_A-232;Releasing;09.05.2024 09:39:54
ART_A-232;Implementation;25.01.2024 13:22:27
ART_A-231;Created;09.06.2024 14:27:25
ART_A-231;Done;03.11.2024 10:01:54
ART_A-231;Releasing;24.10.2024 13:23:17
ART_A-231;Implementation;23.09.2024 10:29:11
ART_A-231;Program Backlog;23.09.2024 09:52:45
ART_A-231;Analysis;13.07.2024 09:56:53
ART_A-230;Created;22.07.2024 13:25:38
ART_A-230;Done;07.09.2024 14:26:30
ART_A-230;Analysis;08.08.2024 16:43:46
ART_A-229;Created;06.04.2024 11:04:57
ART_A-229;Done;11.07.2024 15:03:15
ART_A-229;Implementation;12.05.2024 10:01:17
ART_A-229;Program Backlog;03.05.2024 14:48:28
ART_A-229;Analysis;03.05.2024 14:48:23
ART_A-228;Created;06.07.2024 14:08:17
ART_A-228;Done;23.09.2024 09:53:43
ART_A-228;Releasing;30.08.2024 08:57:10
ART_A-228;Implementation;22.07.2024 10:51:08
ART_A-228;Program Backlog;18.07.2024 14:16:00
ART_A-228;Analysis;06.07.2024 14:20:54
ART_A-227;Created;21.02.2024 10:23:36
ART_A-227;Done;08.08.2024 15:31:10
ART_A-227;Releasing;12.07.2024 13:03:07
ART_A-227;Implementation;12.05.2024 09:25:52
ART_A-227;Program Backlog;12.05.2024 09:25:48
ART_A-227;Analysis;09.05.2024 09:41:47
ART_A-226;Created;18.02.2024 10:51:33
ART_A-226;Done;14.07.2024 16:01:31
ART_A-226;Releasing;14.07.2024 16:00:56
ART_A-226;Implementation;12.05.2024 10:41:34
ART_A-226;Program Backlog;03.05.2024 13:33:39
ART_A-226;Analysis;03.05.2024 13:33:35
ART_A-225;Created;15.12.2023 14:16:42
ART_A-225;Done;23.10.2024 15:49:06
ART_A-224;Created;22.03.2024 14:54:20
ART_A-224;Done;25.07.2024 13:40:42
ART_A-224;Releasing;25.07.2024 13:40:07
ART_A-224;Implementation;16.05.2024 09:31:49
ART_A-224;Program Backlog;11.05.2024 11:17:59
ART_A-224;Analysis;05.05.2024 14:44:22
ART_A-223;Created;09.06.2024 14:28:13
ART_A-223;Done;21.11.2024 13:34:09
ART_A-223;Releasing;24.10.2024 13:23:04
ART_A-223;Implementation;29.08.2024 14:32:53
ART_A-223;Program Backlog;22.07.2024 10:51:21
ART_A-223;Analysis;13.07.2024 09:57:06
ART_A-222;Created;12.04.2024 10:17:41
ART_A-222;Done;07.09.2024 14:20:50
ART_A-222;Releasing;30.08.2024 08:57:02
ART_A-222;Implementation;28.04.2024 14:40:46
ART_A-221;Created;25.05.2024 11:39:00
ART_A-221;Done;07.09.2024 14:16:55
ART_A-221;Implementation;27.07.2024 15:49:52
ART_A-221;Program Backlog;20.07.2024 13:08:35
ART_A-221;Analysis;13.07.2024 09:54:43
ART_A-220;Created;25.02.2024 11:28:46
ART_A-220;Done;25.02.2024 11:30:05
ART_A-219;Created;07.11.2024 18:30:26
ART_A-219;Validating on Staging;14.02.2025 13:40:02
ART_A-219;Program Backlog;24.01.2025 10:34:40
ART_A-219;Program Backlog;08.11.2024 08:56:24
ART_A-219;Analysis;08.11.2024 08:56:15
ART_A-218;Created;31.01.2024 14:01:32
ART_A-218;Done;24.01.2025 10:34:40
ART_A-218;Releasing;24.10.2024 16:07:44
ART_A-218;Implementation;23.02.2024 13:49:17
ART_A-218;Program Backlog;23.02.2024 13:49:14
ART_A-218;Analysis;01.02.2024 08:27:19
ART_A-217;Created;11.05.2024 14:32:57
ART_A-217;Done;24.01.2025 10:34:40
ART_A-217;Releasing;08.11.2024 11:48:21
ART_A-217;Implementation;27.07.2024 15:50:23
ART_A-217;Program Backlog;20.07.2024 13:09:48
ART_A-217;Analysis;13.07.2024 09:52:06
ART_A-216;Created;25.10.2024 15:38:57
ART_A-216;Done;13.11.2025 16:09:27
ART_A-216;Program Backlog;31.03.2025 11:50:43
ART_A-216;Analysis;08.03.2025 09:53:39
ART_A-216;Funnel;16.02.2025 16:08:38
ART_A-216;Program Backlog;24.01.2025 10:34:40
ART_A-216;Program Backlog;25.10.2024 15:39:59
ART_A-216;Analysis;25.10.2024 15:39:53
ART_A-214;Created;10.11.2024 12:42:41
ART_A-214;Done;06.02.2025 14:29:22
ART_A-214;Implementation;24.01.2025 10:34:39
ART_A-214;Implementation;24.11.2024 11:24:43
ART_A-214;Program Backlog;10.11.2024 12:44:11
ART_A-214;Analysis;10.11.2024 12:44:03
ART_A-213;Created;22.11.2024 12:13:51
ART_A-213;Implementation;27.06.2025 09:01:49
ART_A-213;Program Backlog;25.05.2025 13:57:27
ART_A-213;Analysis;05.05.2025 14:16:13
ART_A-212;Created;15.03.2024 06:21:27
ART_A-212;Done;24.01.2025 10:34:39
ART_A-212;Releasing;08.11.2024 11:48:14
ART_A-212;Implementation;27.07.2024 15:50:28
ART_A-212;Program Backlog;20.07.2024 13:08:54
ART_A-212;Analysis;13.07.2024 09:41:21
ART_A-211;Created;20.12.2024 17:03:29
ART_A-211;Done;31.10.2025 08:06:18
ART_A-211;Funnel;27.03.2025 10:25:29
ART_A-211;Analysis;13.03.2025 13:49:00
ART_A-210;Created;31.01.2024 14:00:22
ART_A-210;Done;13.11.2025 16:06:58
ART_A-210;Funnel;21.07.2024 13:27:53
ART_A-210;Implementation;23.02.2024 13:49:06
ART_A-210;Program Backlog;23.02.2024 13:48:56
ART_A-210;Analysis;01.02.2024 08:26:29
ART_A-209;Created;19.04.2024 14:53:29
ART_A-208;Created;22.04.2024 08:23:26
ART_A-208;Done;24.01.2025 10:34:38
ART_A-208;Releasing;26.10.2024 15:40:20
ART_A-208;Implementation;12.05.2024 10:40:56
ART_A-208;Program Backlog;12.05.2024 10:40:52
ART_A-208;Analysis;09.05.2024 09:06:46
ART_A-207;Created;06.07.2024 09:52:46
ART_A-207;Done;13.11.2025 16:07:06
ART_A-206;Created;16.12.2023 11:39:07
ART_A-206;Done;24.01.2025 10:34:38
ART_A-206;Releasing;13.04.2024 16:09:28
ART_A-206;Implementation;24.01.2024 15:59:35
ART_A-205;Created;16.12.2023 11:12:43
ART_A-205;Done;24.01.2025 10:34:37
ART_A-205;Releasing;10.05.2024 10:09:13
ART_A-205;Implementation;24.01.2024 15:59:09
ART_A-204;Created;22.04.2024 07:59:59
ART_A-204;Done;13.11.2025 16:10:59
ART_A-204;Implementation;24.01.2025 10:34:37
ART_A-204;Implementation;21.07.2024 13:27:10
ART_A-204;Program Backlog;18.07.2024 14:15:46
ART_A-204;Analysis;09.05.2024 09:06:32
ART_A-203;Created;17.10.2024 13:48:07
ART_A-203;Funnel;27.11.2025 14:53:46
ART_A-203;Analysis;08.11.2025 08:12:16
ART_A-203;Funnel;26.07.2025 14:53:36
ART_A-203;Analysis;30.06.2025 10:26:35
ART_A-203;Funnel;07.02.2025 11:22:19
ART_A-203;Program Backlog;07.02.2025 11:22:16
ART_A-203;Implementation;03.02.2025 10:22:45
ART_A-203;Analysis;30.01.2025 13:29:51
ART_A-203;Program Backlog;24.01.2025 10:34:37
ART_A-203;Program Backlog;08.11.2024 13:54:03
ART_A-203;Analysis;17.10.2024 13:56:33
ART_A-202;Created;10.03.2024 14:18:12
ART_A-202;Done;24.01.2025 10:34:37
ART_A-202;Releasing;06.12.2024 18:06:45
ART_A-202;Implementation;21.10.2024 14:54:44
ART_A-202;Program Backlog;21.09.2024 16:30:11
ART_A-202;Analysis;20.07.2024 11:06:47
ART_A-201;Created;24.01.2024 16:07:49
ART_A-201;Done;24.01.2025 10:34:37
ART_A-201;Releasing;09.05.2024 09:49:23
ART_A-201;Implementation;21.02.2024 14:30:36
ART_A-201;Program Backlog;07.02.2024 15:02:30
ART_A-201;Analysis;24.01.2024 16:32:42
ART_A-200;Created;18.01.2024 11:16:01
ART_A-200;Done;24.01.2025 10:34:36
ART_A-200;Releasing;13.04.2024 16:07:55
ART_A-200;Implementation;01.04.2024 06:13:54
ART_A-200;Program Backlog;10.03.2024 13:53:22
ART_A-200;Analysis;10.03.2024 13:53:19
ART_A-200;Funnel;10.03.2024 13:53:12
ART_A-200;Implementation;21.02.2024 14:31:14
ART_A-200;Program Backlog;07.02.2024 15:02:14
ART_A-200;Analysis;24.01.2024 16:31:47
ART_A-199;Created;20.07.2024 11:42:56
ART_A-199;Done;24.01.2025 10:34:36
ART_A-199;Releasing;24.11.2024 14:29:37
ART_A-199;Implementation;22.07.2024 11:22:38
ART_A-199;Program Backlog;21.07.2024 12:50:38
ART_A-199;Analysis;20.07.2024 13:02:40
ART_A-198;Created;18.10.2024 08:53:47
ART_A-198;Done;27.03.2025 10:43:59
ART_A-198;Releasing;14.03.2025 08:50:17
ART_A-198;Implementation;03.02.2025 10:22:05
ART_A-198;Program Backlog;24.01.2025 10:34:36
ART_A-198;Program Backlog;02.11.2024 15:26:12
ART_A-198;Analysis;18.10.2024 08:55:21
ART_A-197;Created;31.01.2024 14:09:18
ART_A-197;Done;13.11.2025 16:10:57
ART_A-197;Implementation;24.01.2025 10:34:36
ART_A-197;Implementation;18.01.2025 13:21:23
ART_A-197;Program Backlog;26.10.2024 15:28:31
ART_A-197;Analysis;26.10.2024 15:28:03
ART_A-197;Funnel;14.07.2024 12:50:48
ART_A-197;Analysis;09.05.2024 09:06:24
ART_A-197;Funnel;23.02.2024 13:49:59
ART_A-197;Analysis;01.02.2024 08:31:46
ART_A-196;Created;14.07.2024 15:16:09
ART_A-196;Done;13.11.2025 16:07:09
ART_A-196;Funnel;08.03.2025 09:46:33
ART_A-196;Analysis;08.03.2025 09:46:29
ART_A-195;Created;11.07.2024 12:54:57
ART_A-195;Funnel;09.03.2025 15:53:54
ART_A-195;Analysis;24.01.2025 10:34:35
ART_A-195;Analysis;12.07.2024 14:47:32
ART_A-194;Created;17.10.2024 14:17:43
ART_A-194;Done;27.03.2025 10:43:56
ART_A-194;Releasing;27.03.2025 10:43:14
ART_A-194;Implementation;03.02.2025 10:22:02
ART_A-194;Program Backlog;24.01.2025 10:34:35
ART_A-194;Program Backlog;02.11.2024 15:26:09
ART_A-194;Analysis;17.10.2024 14:21:47
ART_A-193;Created;07.02.2024 09:55:41
ART_A-193;Done;24.01.2025 10:34:35
ART_A-193;Releasing;12.10.2024 15:50:40
ART_A-193;Implementation;25.07.2024 15:04:08
ART_A-193;Program Backlog;12.05.2024 09:59:09
ART_A-193;Analysis;03.05.2024 13:34:55
ART_A-192;Created;20.04.2024 10:34:35
ART_A-191;Created;11.07.2024 11:29:28
ART_A-191;Done;24.01.2025 10:34:35
ART_A-191;Releasing;24.11.2024 14:34:42
ART_A-191;Implementation;24.11.2024 14:34:38
ART_A-191;Program Backlog;18.07.2024 15:13:15
ART_A-191;Analysis;12.07.2024 14:47:23
ART_A-190;Created;06.07.2024 10:17:42
ART_A-190;Done;13.11.2025 16:09:16
ART_A-190;Program Backlog;31.03.2025 11:49:56
ART_A-190;Analysis;08.03.2025 09:43:29
ART_A-189;Created;22.04.2024 08:16:05
ART_A-189;Done;13.11.2025 16:11:03
ART_A-189;Implementation;03.03.2025 10:23:19
ART_A-189;Program Backlog;24.01.2025 10:34:34
ART_A-189;Program Backlog;25.10.2024 15:59:01
ART_A-189;Analysis;25.10.2024 15:58:46
ART_A-189;Funnel;14.07.2024 12:50:52
ART_A-189;Analysis;09.05.2024 09:06:36
ART_A-188;Created;17.10.2024 13:30:43
ART_A-188;Analysis;08.11.2025 07:45:45
ART_A-188;Program Backlog;09.08.2025 14:50:15
ART_A-188;Funnel;22.05.2025 09:57:34
ART_A-188;Analysis;03.04.2025 13:20:57
ART_A-188;Funnel;21.11.2024 10:27:01
ART_A-188;Program Backlog;08.11.2024 11:10:10
ART_A-188;Analysis;17.10.2024 13:56:24
ART_A-187;Created;05.04.2024 14:26:06
ART_A-187;Done;13.03.2025 14:55:23
ART_A-187;Implementation;26.01.2025 13:05:22
ART_A-187;Program Backlog;24.01.2025 10:34:34
ART_A-187;Program Backlog;21.09.2024 16:30:34
ART_A-187;Analysis;13.09.2024 11:19:06
ART_A-186;Created;23.11.2024 12:23:55
ART_A-186;Done;13.06.2025 13:19:11
ART_A-186;Analysis;13.06.2025 10:18:09
ART_A-186;Funnel;31.03.2025 10:43:30
ART_A-186;Analysis;13.03.2025 13:58:58
ART_A-185;Created;08.09.2024 19:24:57
ART_A-185;Done;14.02.2025 13:38:04
ART_A-185;Implementation;24.01.2025 10:34:33
ART_A-185;Implementation;06.12.2024 18:05:53
ART_A-185;Program Backlog;30.09.2024 11:38:44
ART_A-185;Analysis;30.09.2024 11:37:50
ART_A-184;Created;25.01.2024 13:49:14
ART_A-184;Done;24.01.2025 10:34:33
ART_A-184;Releasing;26.09.2024 14:05:56
ART_A-184;Implementation;12.05.2024 10:01:27
ART_A-184;Program Backlog;10.03.2024 13:51:59
ART_A-184;Analysis;10.03.2024 13:51:55
ART_A-184;Funnel;21.02.2024 14:31:45
ART_A-184;Implementation;21.02.2024 14:31:29
ART_A-184;Program Backlog;07.02.2024 15:03:03
ART_A-184;Analysis;01.02.2024 08:23:49
ART_A-183;Created;14.07.2024 15:09:06
ART_A-183;Done;30.01.2025 14:18:44
ART_A-183;Implementation;24.01.2025 10:34:33
ART_A-183;Implementation;21.07.2024 13:27:33
ART_A-183;Program Backlog;18.07.2024 14:16:00
ART_A-183;Analysis;14.07.2024 15:11:21
ART_A-182;Created;21.10.2024 13:39:51
ART_A-182;Done;24.10.2025 09:31:05
ART_A-182;Releasing;28.03.2025 10:49:56
ART_A-182;Implementation;24.01.2025 10:34:32
ART_A-182;Implementation;06.12.2024 18:06:17
ART_A-182;Program Backlog;25.10.2024 08:12:47
ART_A-182;Analysis;25.10.2024 08:12:37
ART_A-181;Created;14.07.2024 15:04:40
ART_A-181;Done;24.01.2025 10:34:32
ART_A-181;Releasing;25.10.2024 15:24:47
ART_A-181;Implementation;21.07.2024 13:27:28
ART_A-181;Program Backlog;18.07.2024 14:15:57
ART_A-181;Analysis;14.07.2024 15:06:04
ART_A-180;Created;22.04.2024 08:10:23
ART_A-180;Done;13.11.2025 16:11:02
ART_A-180;Implementation;03.03.2025 10:23:12
ART_A-180;Program Backlog;24.01.2025 10:34:32
ART_A-180;Program Backlog;26.10.2024 09:48:29
ART_A-180;Analysis;25.10.2024 15:58:26
ART_A-180;Funnel;21.07.2024 13:25:06
ART_A-180;Program Backlog;18.07.2024 14:15:54
ART_A-180;Analysis;14.07.2024 12:51:08
ART_A-179;Created;31.01.2024 14:07:23
ART_A-179;Done;24.01.2025 10:34:32
ART_A-179;Releasing;08.07.2024 13:25:32
ART_A-179;Implementation;12.05.2024 10:39:30
ART_A-179;Program Backlog;12.05.2024 10:39:26
ART_A-179;Analysis;09.05.2024 09:06:27
ART_A-179;Funnel;21.04.2024 15:17:03
ART_A-179;Implementation;23.02.2024 13:50:55
ART_A-179;Program Backlog;23.02.2024 13:50:24
ART_A-179;Analysis;01.02.2024 08:31:20
ART_A-178;Created;09.11.2024 13:53:32
ART_A-178;Done;13.11.2025 16:11:12
ART_A-178;Implementation;16.02.2025 16:09:05
ART_A-178;Program Backlog;16.02.2025 16:08:55
ART_A-177;Created;26.10.2024 09:33:43
ART_A-177;Done;13.11.2025 16:11:09
ART_A-177;Implementation;24.01.2025 10:34:31
ART_A-177;Implementation;07.12.2024 09:52:49
ART_A-177;Program Backlog;26.10.2024 09:48:16
ART_A-177;Analysis;26.10.2024 09:48:03
ART_A-176;Created;06.07.2024 09:48:45
ART_A-176;Done;13.11.2025 16:07:02
ART_A-175;Created;11.07.2024 09:16:07
ART_A-175;Done;24.01.2025 10:34:31
ART_A-175;Releasing;16.11.2024 09:25:32
ART_A-175;Implementation;01.08.2024 13:47:03
ART_A-174;Created;09.08.2024 12:09:49
ART_A-174;Done;26.01.2025 13:04:53
ART_A-174;Implementation;24.01.2025 10:34:31
ART_A-174;Implementation;06.12.2024 18:05:32
ART_A-174;Program Backlog;21.09.2024 16:40:09
ART_A-174;Analysis;21.09.2024 16:40:05
ART_A-173;Created;09.11.2024 17:25:51
ART_A-172;Created;21.07.2024 11:49:18
ART_A-172;Done;13.11.2025 16:09:25
ART_A-172;Program Backlog;31.03.2025 11:50:40
ART_A-172;Analysis;08.03.2025 09:51:36
ART_A-172;Funnel;25.10.2024 15:30:27
ART_A-172;Implementation;21.07.2024 13:27:45
ART_A-172;Program Backlog;21.07.2024 11:58:43
ART_A-172;Analysis;21.07.2024 11:58:37
ART_A-171;Created;20.07.2024 11:40:52
ART_A-171;Done;14.11.2025 14:40:36
ART_A-170;Created;08.08.2024 15:29:41
ART_A-170;Done;26.05.2025 08:45:57
ART_A-170;Releasing;26.05.2025 08:45:51
ART_A-170;Implementation;22.05.2025 15:56:23
ART_A-170;Program Backlog;03.05.2025 13:46:26
ART_A-170;Analysis;24.01.2025 10:34:30
ART_A-170;Analysis;08.08.2024 16:43:06
ART_A-169;Created;21.12.2023 11:51:29
ART_A-169;Funnel;21.02.2024 08:22:33
ART_A-169;Implementation;24.01.2024 15:59:52
ART_A-168;Created;21.10.2024 15:13:48
ART_A-168;Done;26.01.2025 13:04:40
ART_A-168;Implementation;24.01.2025 10:34:30
ART_A-168;Implementation;06.12.2024 18:05:37
ART_A-168;Program Backlog;02.11.2024 11:27:29
ART_A-168;Analysis;21.10.2024 15:14:26
ART_A-167;Created;14.07.2024 15:11:51
ART_A-167;Done;13.11.2025 16:09:23
ART_A-167;Program Backlog;24.01.2025 10:34:30
ART_A-167;Program Backlog;26.10.2024 15:32:53
ART_A-167;Analysis;26.10.2024 15:32:44
ART_A-167;Funnel;21.07.2024 13:27:41
ART_A-167;Program Backlog;18.07.2024 14:16:03
ART_A-167;Analysis;14.07.2024 15:13:04
ART_A-166;Created;21.10.2024 13:30:58
ART_A-166;Done;08.09.2025 11:46:55
ART_A-166;Implementation;08.09.2025 11:46:46
ART_A-166;Done;31.08.2025 13:40:52
ART_A-166;Funnel;15.06.2025 14:09:28
ART_A-166;Analysis;15.06.2025 13:58:52
ART_A-166;Funnel;29.03.2025 12:02:25
ART_A-166;Deploying to Production;13.03.2025 14:52:16
ART_A-166;Program Backlog;24.01.2025 10:34:29
ART_A-166;Program Backlog;25.10.2024 08:13:52
ART_A-166;Analysis;21.10.2024 14:28:27
ART_A-165;Created;07.11.2024 17:49:43
ART_A-165;Done;06.06.2025 14:44:38
ART_A-165;Releasing;22.05.2025 16:14:56
ART_A-165;Releasing;22.05.2025 16:14:17
ART_A-165;Implementation;24.01.2025 10:34:29
ART_A-165;Implementation;06.12.2024 18:05:40
ART_A-165;Program Backlog;07.11.2024 17:58:36
ART_A-165;Analysis;07.11.2024 17:50:39
ART_A-164;Created;11.05.2024 09:43:47
ART_A-164;Done;13.11.2025 16:11:06
ART_A-164;Implementation;24.01.2025 10:34:29
ART_A-164;Implementation;07.12.2024 09:47:41
ART_A-164;Program Backlog;25.10.2024 15:46:59
ART_A-164;Analysis;25.10.2024 15:46:55
ART_A-164;Funnel;21.07.2024 13:30:03
ART_A-164;Program Backlog;18.07.2024 14:15:50
ART_A-164;Analysis;14.07.2024 12:51:34
ART_A-163;Created;17.10.2024 13:53:04
ART_A-163;Done;19.06.2025 11:47:24
ART_A-163;Releasing;14.06.2025 14:14:49
ART_A-163;Validating on Staging;31.03.2025 10:52:35
ART_A-163;Program Backlog;07.02.2025 11:23:41
ART_A-163;Analysis;03.02.2025 10:23:16
ART_A-163;Implementation;03.02.2025 10:22:29
ART_A-163;Program Backlog;24.01.2025 10:34:29
ART_A-163;Program Backlog;29.11.2024 14:34:40
ART_A-163;Analysis;21.11.2024 10:27:23
ART_A-162;Created;13.02.2024 10:12:54
ART_A-162;Implementation;24.01.2025 10:34:29
ART_A-162;Implementation;21.02.2024 14:45:38
ART_A-162;Program Backlog;21.02.2024 14:45:00
ART_A-162;Analysis;13.02.2024 10:13:48
ART_A-161;Created;25.05.2024 16:26:34
ART_A-161;Done;24.01.2025 10:34:28
ART_A-161;Releasing;21.10.2024 14:55:21
ART_A-161;Implementation;21.10.2024 14:55:01
ART_A-161;Program Backlog;21.09.2024 16:30:25
ART_A-161;Analysis;20.07.2024 11:06:55
ART_A-159;Created;15.12.2023 16:05:35
ART_A-158;Created;14.02.2024 11:14:13
ART_A-157;Created;21.02.2024 10:45:21
ART_A-157;Done;24.01.2025 10:34:27
ART_A-157;Releasing;26.10.2024 15:09:55
ART_A-157;Implementation;27.07.2024 15:50:37
ART_A-157;Program Backlog;20.07.2024 13:08:44
ART_A-157;Analysis;13.07.2024 09:41:01
ART_A-156;Created;04.02.2024 13:22:45
ART_A-156;Done;24.01.2025 10:34:27
ART_A-156;Releasing;13.04.2024 16:09:43
ART_A-156;Implementation;21.02.2024 14:33:16
ART_A-156;Program Backlog;14.02.2024 14:09:55
ART_A-156;Analysis;07.02.2024 15:03:26
ART_A-155;Created;27.10.2024 15:36:04
ART_A-155;Implementation;02.05.2025 14:06:07
ART_A-155;Program Backlog;24.01.2025 10:34:27
ART_A-155;Program Backlog;08.11.2024 16:15:52
ART_A-155;Analysis;08.11.2024 16:15:38
ART_A-154;Created;20.07.2024 11:09:43
ART_A-154;Done;26.01.2025 13:04:16
ART_A-154;Implementation;24.01.2025 10:34:27
ART_A-154;Implementation;21.10.2024 14:56:00
ART_A-154;Program Backlog;21.09.2024 16:30:28
ART_A-154;Analysis;20.07.2024 11:13:26
ART_A-153;Created;16.12.2023 11:31:06
ART_A-153;Done;24.01.2025 10:34:27
ART_A-153;Releasing;26.09.2024 14:06:03
ART_A-153;Implementation;12.05.2024 10:03:13
ART_A-153;Program Backlog;12.05.2024 10:03:07
ART_A-153;Analysis;10.05.2024 11:54:48
ART_A-153;Funnel;16.02.2024 14:31:26
ART_A-153;Program Backlog;07.02.2024 15:01:15
ART_A-153;Analysis;24.01.2024 16:08:07
ART_A-152;Created;12.05.2024 10:34:25
ART_A-152;Done;24.01.2025 10:34:27
ART_A-152;Releasing;24.11.2024 11:25:04
ART_A-152;Implementation;25.07.2024 15:00:14
ART_A-152;Program Backlog;15.07.2024 10:15:03
ART_A-152;Analysis;12.05.2024 10:42:01
ART_A-151;Created;31.01.2024 14:05:10
ART_A-151;Done;13.11.2025 16:07:00
ART_A-151;Funnel;14.07.2024 12:50:44
ART_A-151;Analysis;09.05.2024 09:06:17
ART_A-151;Funnel;21.04.2024 15:06:35
ART_A-151;Implementation;23.02.2024 13:50:44
ART_A-151;Program Backlog;23.02.2024 13:49:46
ART_A-151;Analysis;01.02.2024 08:29:43
ART_A-150;Created;24.10.2024 15:04:16
ART_A-150;Implementation;24.01.2025 10:34:26
ART_A-150;Implementation;02.12.2024 14:13:02
ART_A-150;Program Backlog;08.11.2024 12:52:09
ART_A-150;Analysis;08.11.2024 12:51:58
ART_A-149;Created;31.01.2024 14:05:43
ART_A-149;Done;24.01.2025 10:34:26
ART_A-149;Releasing;20.07.2024 10:54:16
ART_A-149;Implementation;23.02.2024 13:50:47
ART_A-149;Program Backlog;23.02.2024 13:50:16
ART_A-149;Analysis;01.02.2024 08:30:23
ART_A-147;Created;20.07.2024 11:12:23
ART_A-147;Done;13.03.2025 16:22:50
ART_A-147;Implementation;13.03.2025 15:51:44
ART_A-147;Done;13.03.2025 15:06:36
ART_A-147;Implementation;13.03.2025 15:05:22
ART_A-147;Done;13.03.2025 15:03:57
ART_A-147;Implementation;24.01.2025 10:34:25
ART_A-147;Implementation;21.11.2024 10:27:56
ART_A-147;Program Backlog;21.09.2024 16:30:38
ART_A-147;Analysis;20.07.2024 11:13:30
ART_A-146;Created;31.01.2024 14:06:11
ART_A-146;Done;24.01.2025 10:34:25
ART_A-146;Releasing;27.07.2024 09:48:08
ART_A-146;Implementation;12.05.2024 10:38:55
ART_A-146;Program Backlog;12.05.2024 10:38:51
ART_A-146;Analysis;09.05.2024 09:06:20
ART_A-146;Funnel;21.04.2024 15:17:13
ART_A-146;Implementation;23.02.2024 13:50:51
ART_A-146;Program Backlog;23.02.2024 13:50:20
ART_A-146;Analysis;01.02.2024 08:30:55
ART_A-145;Created;11.07.2024 09:07:59
ART_A-145;Done;24.01.2025 10:34:25
ART_A-145;Releasing;16.11.2024 09:25:18
ART_A-145;Implementation;01.08.2024 13:46:42
ART_A-144;Created;06.07.2024 10:20:05
ART_A-144;Done;13.11.2025 16:09:17
ART_A-144;Program Backlog;24.01.2025 10:34:25
ART_A-144;Program Backlog;26.10.2024 15:34:15
ART_A-144;Analysis;26.10.2024 15:34:08
ART_A-143;Created;17.12.2023 09:29:46
ART_A-143;Done;24.01.2025 10:34:25
ART_A-143;Releasing;13.04.2024 16:08:52
ART_A-143;Implementation;21.02.2024 14:31:21
ART_A-143;Program Backlog;07.02.2024 15:01:59
ART_A-143;Analysis;24.01.2024 16:08:38
ART_A-142;Created;10.02.2024 18:26:11
ART_A-142;Done;24.01.2025 10:34:25
ART_A-142;Releasing;26.09.2024 14:05:53
ART_A-142;Implementation;12.05.2024 10:01:21
ART_A-142;Program Backlog;03.05.2024 14:47:54
ART_A-142;Analysis;22.03.2024 14:03:28
ART_A-140;Created;06.07.2024 09:51:02
ART_A-140;Done;13.11.2025 16:07:04
ART_A-139;Created;22.04.2024 08:43:12
ART_A-139;Done;24.01.2025 10:34:24
ART_A-139;Releasing;26.09.2024 14:05:59
ART_A-139;Implementation;12.05.2024 10:01:40
ART_A-139;Program Backlog;03.05.2024 14:48:58
ART_A-139;Analysis;03.05.2024 14:48:55
ART_A-138;Created;07.06.2024 14:52:36
ART_A-138;Done;12.09.2025 14:01:01
ART_A-138;Releasing;12.09.2025 13:59:23
ART_A-138;Implementation;21.07.2025 13:41:54
ART_A-138;Program Backlog;13.06.2025 10:06:47
ART_A-138;Analysis;13.06.2025 10:06:08
ART_A-138;Funnel;30.03.2025 15:07:38
ART_A-138;Analysis;24.01.2025 10:34:24
ART_A-138;Analysis;20.07.2024 11:07:01
ART_A-137;Created;22.11.2024 12:19:25
ART_A-137;Funnel;08.11.2025 07:43:48
ART_A-137;Analysis;08.11.2025 07:43:38
ART_A-136;Created;22.11.2024 12:11:42
ART_A-136;Implementation;13.10.2025 11:40:51
ART_A-136;Program Backlog;15.08.2025 14:14:18
ART_A-136;Analysis;03.04.2025 13:21:17
ART_A-135;Created;25.11.2024 11:30:11
ART_A-135;Funnel;13.02.2025 11:13:53
ART_A-135;Analysis;13.02.2025 11:13:51
ART_A-134;Created;25.05.2024 11:36:11
ART_A-134;Funnel;13.03.2025 14:01:37
ART_A-134;Analysis;24.01.2025 10:34:23
ART_A-134;Analysis;26.10.2024 15:08:56
ART_A-134;Funnel;26.10.2024 15:08:50
ART_A-134;Implementation;07.09.2024 14:20:02
ART_A-134;Program Backlog;27.07.2024 15:51:01
ART_A-134;Analysis;13.07.2024 09:54:39
ART_A-133;Created;20.07.2024 12:02:16
ART_A-133;Done;13.11.2025 16:11:08
ART_A-133;Implementation;03.02.2025 10:24:44
ART_A-133;Program Backlog;24.01.2025 10:34:23
ART_A-133;Program Backlog;26.10.2024 15:30:41
ART_A-133;Analysis;26.10.2024 15:30:24
ART_A-132;Created;22.04.2024 08:07:38
ART_A-132;Done;13.11.2025 16:11:00
ART_A-132;Implementation;24.01.2025 10:34:23
ART_A-132;Implementation;07.12.2024 09:47:18
ART_A-132;Program Backlog;25.10.2024 15:58:03
ART_A-132;Analysis;25.10.2024 15:57:58
ART_A-131;Created;11.03.2024 14:03:59
ART_A-131;Done;26.01.2025 13:04:25
ART_A-131;Implementation;24.01.2025 10:34:23
ART_A-131;Implementation;27.07.2024 15:50:32
ART_A-131;Program Backlog;20.07.2024 13:08:49
ART_A-131;Analysis;03.05.2024 14:48:38
ART_A-130;Created;07.06.2024 16:36:02
ART_A-130;Done;24.01.2025 10:34:22
ART_A-130;Releasing;21.10.2024 10:15:03
ART_A-130;Implementation;27.07.2024 15:50:14
ART_A-130;Program Backlog;20.07.2024 13:10:11
ART_A-130;Analysis;13.07.2024 09:56:09
ART_A-129;Created;08.08.2024 16:45:38
ART_A-129;Done;19.10.2025 09:23:04
ART_A-129;Releasing;29.09.2025 16:14:54
ART_A-129;Implementation;26.06.2025 13:19:50
ART_A-129;Program Backlog;15.06.2025 14:16:59
ART_A-129;Analysis;12.06.2025 14:23:27
ART_A-128;Created;20.04.2024 10:25:04
ART_A-128;Done;24.01.2025 10:34:22
ART_A-128;Releasing;12.10.2024 15:51:04
ART_A-128;Implementation;25.07.2024 15:04:12
ART_A-128;Program Backlog;12.05.2024 09:59:13
ART_A-128;Analysis;03.05.2024 13:34:59
ART_A-127;Created;11.07.2024 12:12:41
ART_A-127;Implementation;24.01.2025 10:34:22
ART_A-127;Implementation;22.07.2024 11:22:33
ART_A-127;Program Backlog;18.07.2024 15:13:12
ART_A-127;Analysis;12.07.2024 14:47:27
ART_A-125;Created;03.11.2024 15:59:29
ART_A-125;Done;28.03.2025 10:08:44
ART_A-124;Created;09.11.2024 11:36:46
ART_A-124;Done;13.03.2025 14:55:41
ART_A-124;Releasing;13.03.2025 13:40:59
ART_A-124;Implementation;24.01.2025 10:34:21
ART_A-124;Implementation;21.11.2024 10:28:43
ART_A-124;Program Backlog;09.11.2024 15:04:11
ART_A-124;Analysis;09.11.2024 15:03:44
ART_A-123;Created;02.11.2024 14:36:53
ART_A-122;Created;22.11.2024 12:21:10
ART_A-121;Created;21.02.2024 14:40:45
ART_A-121;Done;15.06.2025 12:35:37
ART_A-121;Implementation;03.03.2025 16:27:37
ART_A-121;Releasing;14.02.2025 13:41:55
ART_A-121;Program Backlog;24.01.2025 10:34:20
ART_A-121;Program Backlog;07.11.2024 17:59:20
ART_A-121;Analysis;07.11.2024 17:59:09
ART_A-121;Funnel;07.11.2024 17:55:27
ART_A-121;Implementation;27.07.2024 15:50:48
ART_A-121;Program Backlog;16.05.2024 09:32:10
ART_A-121;Analysis;03.05.2024 14:51:35
ART_A-120;Created;14.02.2024 14:45:48
ART_A-120;Done;24.01.2025 10:34:20
ART_A-120;Releasing;10.03.2024 13:53:45
ART_A-120;Implementation;21.02.2024 14:33:29
ART_A-120;Program Backlog;14.02.2024 15:05:22
ART_A-120;Analysis;14.02.2024 15:05:15
ART_A-119;Created;14.07.2024 15:13:59
ART_A-119;Done;13.11.2025 16:09:24
ART_A-119;Program Backlog;24.01.2025 10:34:20
ART_A-119;Program Backlog;26.10.2024 15:33:28
ART_A-119;Analysis;26.10.2024 15:33:24
ART_A-118;Created;14.07.2024 13:17:13
ART_A-118;Done;13.11.2025 16:09:21
ART_A-118;Program Backlog;31.03.2025 11:50:34
ART_A-118;Analysis;08.03.2025 09:45:05
ART_A-117;Created;20.04.2024 10:29:43
ART_A-117;Done;27.03.2025 10:43:52
ART_A-117;Releasing;27.03.2025 10:43:36
ART_A-117;Implementation;03.02.2025 10:22:16
ART_A-117;Program Backlog;24.01.2025 10:34:19
ART_A-117;Program Backlog;12.10.2024 13:34:54
ART_A-117;Analysis;12.10.2024 13:34:49
ART_A-117;Funnel;25.07.2024 15:32:27
ART_A-117;Implementation;12.05.2024 09:44:48
ART_A-117;Program Backlog;03.05.2024 13:33:19
ART_A-117;Analysis;28.04.2024 16:04:57
ART_A-116;Created;06.12.2024 08:45:39
ART_A-116;Done;26.05.2025 08:47:51
ART_A-116;Releasing;28.03.2025 09:18:10
ART_A-116;Implementation;13.03.2025 14:52:10
ART_A-115;Created;25.10.2024 15:49:03
ART_A-115;Done;13.11.2025 16:09:28
ART_A-115;Program Backlog;24.01.2025 10:34:19
ART_A-115;Program Backlog;25.10.2024 15:50:52
ART_A-115;Analysis;25.10.2024 15:50:47
ART_A-114;Created;11.07.2024 15:27:01
ART_A-114;Implementation;24.01.2025 10:34:18
ART_A-114;Implementation;22.07.2024 11:22:29
ART_A-114;Program Backlog;18.07.2024 15:13:03
ART_A-114;Analysis;12.07.2024 14:47:41
ART_A-113;Created;10.05.2024 16:47:39
ART_A-113;Done;13.11.2025 16:09:14
ART_A-113;Program Backlog;24.01.2025 10:34:18
ART_A-113;Program Backlog;25.10.2024 15:54:01
ART_A-113;Analysis;25.10.2024 15:53:56
ART_A-112;Created;21.10.2024 09:56:15
ART_A-112;Implementation;22.05.2025 15:56:28
ART_A-112;Program Backlog;03.05.2025 13:46:24
ART_A-112;Analysis;24.01.2025 10:34:18
ART_A-112;Analysis;21.10.2024 11:56:22
ART_A-111;Created;03.02.2024 09:34:36
ART_A-111;Done;24.01.2025 10:34:17
ART_A-111;Releasing;12.10.2024 14:07:59
ART_A-111;Implementation;21.02.2024 14:07:57
ART_A-111;Program Backlog;03.02.2024 09:48:00
ART_A-111;Analysis;03.02.2024 09:47:56
ART_A-111;Funnel;03.02.2024 09:47:52
ART_A-111;Implementation;03.02.2024 09:46:12
ART_A-111;Program Backlog;03.02.2024 09:34:59
ART_A-111;Analysis;03.02.2024 09:34:54
ART_A-110;Created;16.02.2024 08:31:31
ART_A-110;Done;24.01.2025 10:34:17
ART_A-110;Releasing;13.04.2024 16:09:58
ART_A-110;Implementation;21.02.2024 14:33:06
ART_A-110;Program Backlog;16.02.2024 08:56:55
ART_A-110;Analysis;16.02.2024 08:56:50
ART_A-109;Created;11.07.2024 13:18:44
ART_A-109;Done;24.01.2025 10:34:16
ART_A-109;Releasing;24.11.2024 14:36:24
ART_A-109;Implementation;24.11.2024 14:36:19
ART_A-109;Program Backlog;18.07.2024 15:13:07
ART_A-109;Analysis;12.07.2024 14:47:37
ART_A-108;Created;02.12.2024 08:03:02
ART_A-108;Done;12.09.2025 14:01:52
ART_A-108;Releasing;07.09.2025 10:41:46
ART_A-108;Implementation;19.06.2025 10:41:18
ART_A-108;Program Backlog;13.06.2025 09:59:50
ART_A-108;Analysis;12.06.2025 14:17:48
ART_A-107;Created;13.07.2024 15:09:54
ART_A-107;Done;07.06.2025 07:37:16
ART_A-107;Releasing;28.03.2025 09:18:37
ART_A-107;Implementation;21.02.2025 14:46:43
ART_A-107;Analysis;24.01.2025 10:34:16
ART_A-107;Analysis;15.12.2024 13:43:54
ART_A-107;Funnel;07.11.2024 17:55:47
ART_A-107;Implementation;27.07.2024 15:50:05
ART_A-107;Program Backlog;20.07.2024 13:10:24
ART_A-107;Analysis;13.07.2024 15:20:48
ART_A-106;Created;31.01.2024 11:55:22
ART_A-106;Done;24.01.2025 10:34:16
ART_A-106;Releasing;13.04.2024 17:12:24
ART_A-106;Implementation;13.04.2024 17:11:37
ART_A-105;Created;11.07.2024 09:13:40
ART_A-105;Done;24.01.2025 10:34:15
ART_A-105;Releasing;16.11.2024 09:25:22
ART_A-105;Implementation;01.08.2024 13:46:48
ART_A-104;Created;22.11.2024 15:00:40
ART_A-103;Created;06.07.2024 10:30:24
ART_A-103;Done;13.11.2025 16:09:19
ART_A-103;Program Backlog;31.03.2025 11:49:58
ART_A-103;Analysis;08.03.2025 09:43:33
ART_A-102;Created;15.12.2023 16:02:21
ART_A-102;Funnel;09.02.2024 08:17:35
ART_A-102;Program Backlog;07.02.2024 15:08:23
ART_A-102;Analysis;24.01.2024 16:07:22
ART_A-101;Created;17.10.2024 11:24:45
ART_A-101;Done;19.06.2025 11:47:19
ART_A-101;Releasing;14.06.2025 14:13:39
ART_A-101;Implementation;24.01.2025 10:34:14
ART_A-101;Implementation;21.11.2024 10:28:15
ART_A-101;Program Backlog;07.11.2024 13:53:29
ART_A-101;Analysis;17.10.2024 13:56:21
ART_A-100;Created;02.12.2023 08:26:46
ART_A-99;Created;26.10.2024 09:37:51
ART_A-99;Done;13.11.2025 16:11:50
ART_A-99;Program Backlog;24.01.2025 10:34:14
ART_A-99;Program Backlog;26.10.2024 09:48:13
ART_A-99;Analysis;26.10.2024 09:48:07
ART_A-98;Created;31.01.2024 14:10:16
ART_A-98;Done;24.01.2025 10:34:13
ART_A-98;Releasing;25.10.2024 15:21:43
ART_A-98;Implementation;23.02.2024 13:50:58
ART_A-98;Program Backlog;23.02.2024 13:50:39
ART_A-98;Analysis;01.02.2024 08:32:16
ART_A-97;Created;10.03.2024 15:01:12
ART_A-97;Done;24.01.2025 10:34:13
ART_A-97;Releasing;26.10.2024 15:08:17
ART_A-97;Implementation;12.05.2024 10:01:45
ART_A-97;Program Backlog;03.05.2024 14:48:09
ART_A-97;Analysis;03.05.2024 14:48:05
ART_A-96;Created;15.12.2023 14:10:35
ART_A-96;Done;06.02.2025 14:28:51
ART_A-96;Implementation;24.01.2025 10:34:13
ART_A-96;Implementation;25.07.2024 15:00:04
ART_A-96;Program Backlog;12.07.2024 14:19:16
ART_A-96;Analysis;02.02.2024 08:48:00
ART_A-96;Funnel;02.02.2024 08:47:54
ART_A-96;Program Backlog;02.02.2024 08:46:49
ART_A-96;Analysis;24.01.2024 16:06:11
ART_A-95;Created;12.04.2024 10:59:17
ART_A-95;Done;24.01.2025 10:34:12
ART_A-95;Releasing;21.10.2024 14:44:37
ART_A-95;Implementation;27.07.2024 15:50:55
ART_A-95;Program Backlog;12.05.2024 10:03:20
ART_A-95;Analysis;03.05.2024 14:48:32
ART_A-94;Created;10.03.2024 15:40:18
ART_A-94;Done;19.06.2025 11:44:38
ART_A-94;Releasing;19.06.2025 10:43:50
ART_A-94;Implementation;26.05.2025 11:31:24
ART_A-94;Program Backlog;03.05.2025 13:46:29
ART_A-94;Analysis;24.01.2025 10:34:12
ART_A-94;Analysis;30.09.2024 11:41:58
ART_A-93;Created;20.04.2024 10:27:51
ART_A-93;Done;27.03.2025 10:43:49
ART_A-93;Releasing;27.03.2025 10:42:44
ART_A-93;Implementation;24.01.2025 10:34:11
ART_A-93;Implementation;09.12.2024 15:23:44
ART_A-93;Program Backlog;12.10.2024 13:33:19
ART_A-93;Analysis;12.10.2024 13:33:00
ART_A-93;Funnel;25.07.2024 15:32:33
ART_A-93;Implementation;12.05.2024 09:44:44
ART_A-93;Program Backlog;03.05.2024 13:33:13
ART_A-93;Analysis;28.04.2024 16:05:03
ART_A-92;Created;11.07.2024 09:15:26
ART_A-92;Done;24.01.2025 10:34:11
ART_A-92;Releasing;16.11.2024 09:25:29
ART_A-92;Implementation;01.08.2024 13:46:58
ART_A-91;Created;14.02.2024 10:55:58
ART_A-91;Done;14.02.2025 13:36:57
ART_A-91;Implementation;24.01.2025 10:34:11
ART_A-91;Implementation;27.07.2024 15:50:43
ART_A-91;Program Backlog;20.07.2024 13:08:39
ART_A-91;Analysis;13.07.2024 09:40:47
ART_A-90;Created;17.02.2024 15:49:06
ART_A-90;Done;24.01.2025 10:34:10
ART_A-90;Releasing;05.07.2024 15:18:55
ART_A-90;Implementation;22.02.2024 10:24:01
ART_A-90;Program Backlog;22.02.2024 10:23:51
ART_A-90;Analysis;21.02.2024 14:43:52
ART_A-89;Created;17.10.2024 13:42:13
ART_A-89;Implementation;18.10.2025 14:03:35
ART_A-89;Analysis;13.10.2025 11:46:16
ART_A-89;Program Backlog;13.10.2025 11:46:07
ART_A-89;Analysis;30.06.2025 10:26:44
ART_A-89;Funnel;07.02.2025 11:22:49
ART_A-89;Analysis;30.01.2025 13:29:48
ART_A-89;Program Backlog;24.01.2025 10:34:10
ART_A-89;Program Backlog;09.11.2024 15:04:38
ART_A-89;Analysis;17.10.2024 13:56:29
ART_A-88;Created;03.02.2024 09:38:36
ART_A-88;Done;30.11.2025 14:39:22
ART_A-88;Releasing;28.03.2025 15:34:00
ART_A-88;Implementation;24.01.2025 10:34:10
ART_A-88;Implementation;21.02.2024 14:08:13
ART_A-88;Program Backlog;03.02.2024 09:39:06
ART_A-88;Analysis;03.02.2024 09:39:00
ART_A-87;Created;30.09.2024 12:54:58
ART_A-87;Done;24.01.2025 10:34:09
ART_A-87;Releasing;26.10.2024 15:12:00
ART_A-87;Implementation;26.10.2024 15:11:52
ART_A-87;Program Backlog;06.10.2024 10:13:54
ART_A-87;Analysis;06.10.2024 10:13:48
ART_A-86;Created;02.11.2024 14:33:38
ART_A-85;Created;17.10.2024 14:11:13
ART_A-85;Done;28.03.2025 08:55:46
ART_A-85;Releasing;27.03.2025 10:44:44
ART_A-85;Implementation;06.02.2025 13:54:32
ART_A-85;Program Backlog;24.01.2025 10:34:09
ART_A-85;Program Backlog;02.11.2024 15:26:06
ART_A-85;Analysis;17.10.2024 14:12:48
ART_A-84;Created;18.01.2024 15:02:56
ART_A-84;Done;19.10.2025 09:22:59
ART_A-84;Releasing;29.09.2025 16:14:50
ART_A-84;Implementation;26.06.2025 13:19:48
ART_A-84;Program Backlog;15.06.2025 14:16:56
ART_A-84;Analysis;12.06.2025 14:23:25
ART_A-84;Funnel;09.08.2024 12:08:39
ART_A-84;Analysis;20.07.2024 11:06:42
ART_A-84;Funnel;10.02.2024 11:30:48
ART_A-84;Program Backlog;07.02.2024 15:02:21
ART_A-84;Analysis;24.01.2024 16:31:38
ART_A-83;Created;15.12.2023 14:11:42
ART_A-83;Done;08.03.2025 11:01:51
ART_A-83;Funnel;12.05.2024 10:31:03
ART_A-83;Implementation;21.02.2024 14:08:09
ART_A-83;Program Backlog;16.02.2024 13:39:03
ART_A-83;Analysis;02.02.2024 08:48:13
ART_A-83;Funnel;02.02.2024 08:48:07
ART_A-83;Program Backlog;02.02.2024 08:46:59
ART_A-83;Analysis;24.01.2024 16:06:46
ART_A-82;Created;10.05.2024 16:59:46
ART_A-82;Done;13.11.2025 16:11:05
ART_A-82;Implementation;24.01.2025 10:34:08
ART_A-82;Implementation;21.07.2024 13:27:17
ART_A-82;Program Backlog;20.07.2024 11:49:06
ART_A-82;Analysis;20.07.2024 11:49:00
ART_A-82;Funnel;14.07.2024 14:38:48
ART_A-82;Analysis;14.07.2024 12:51:30
ART_A-81;Created;10.11.2024 12:45:23
ART_A-81;Done;15.02.2025 15:25:05
ART_A-81;Program Backlog;24.01.2025 10:34:08
ART_A-81;Program Backlog;10.11.2024 12:46:13
ART_A-81;Analysis;10.11.2024 12:46:07
ART_A-80;Created;30.09.2024 11:43:21
ART_A-80;Done;13.03.2025 14:53:55
ART_A-80;Implementation;03.02.2025 10:21:48
ART_A-80;Program Backlog;24.01.2025 10:34:08
ART_A-80;Program Backlog;06.10.2024 15:37:04
ART_A-80;Analysis;06.10.2024 15:36:59
ART_A-79;Created;19.10.2024 09:36:37
ART_A-79;Funnel;09.02.2025 16:55:24
ART_A-79;Program Backlog;03.02.2025 12:45:30
ART_A-79;Implementation;24.01.2025 10:34:07
ART_A-79;Implementation;24.11.2024 15:04:42
ART_A-79;Program Backlog;24.11.2024 15:04:38
ART_A-79;Analysis;08.11.2024 07:59:38
ART_A-78;Created;16.12.2023 11:21:40
ART_A-78;Done;24.01.2025 10:34:07
ART_A-78;Releasing;10.05.2024 10:09:09
ART_A-78;Implementation;21.02.2024 14:31:25
ART_A-78;Program Backlog;07.02.2024 15:00:39
ART_A-78;Analysis;24.01.2024 16:07:43
ART_A-77;Created;02.02.2024 15:22:04
ART_A-77;Done;24.01.2025 10:34:07
ART_A-77;Releasing;09.05.2024 09:43:55
ART_A-77;Implementation;21.02.2024 14:08:06
ART_A-77;Program Backlog;02.02.2024 15:23:16
ART_A-77;Analysis;02.02.2024 15:23:12
ART_A-76;Created;22.04.2024 08:20:42
ART_A-76;Done;13.11.2025 16:09:13
ART_A-76;Program Backlog;31.03.2025 11:49:54
ART_A-76;Analysis;08.03.2025 09:42:47
ART_A-76;Funnel;16.02.2025 16:08:09
ART_A-76;Program Backlog;24.01.2025 10:34:07
ART_A-76;Program Backlog;25.10.2024 15:36:31
ART_A-76;Analysis;25.10.2024 15:36:25
ART_A-75;Created;07.07.2024 09:55:42
ART_A-75;Done;19.10.2025 09:23:12
ART_A-75;Releasing;28.03.2025 09:18:48
ART_A-75;Implementation;24.01.2025 10:34:06
ART_A-75;Implementation;27.07.2024 15:50:18
ART_A-75;Program Backlog;20.07.2024 13:10:03
ART_A-75;Analysis;07.07.2024 10:02:52
ART_A-74;Created;16.12.2023 11:06:50
ART_A-74;Done;24.01.2025 10:34:06
ART_A-74;Releasing;13.04.2024 16:08:57
ART_A-74;Implementation;24.01.2024 15:59:17
ART_A-73;Created;31.01.2024 14:03:41
ART_A-73;Done;13.11.2025 16:10:51
ART_A-73;Implementation;03.02.2025 10:25:04
ART_A-73;Program Backlog;24.01.2025 10:34:06
ART_A-73;Program Backlog;26.10.2024 15:38:40
ART_A-73;Analysis;26.10.2024 15:38:23
ART_A-73;Funnel;23.02.2024 13:49:52
ART_A-73;Analysis;01.02.2024 08:27:51
ART_A-72;Created;31.01.2024 14:04:32
ART_A-72;Done;24.01.2025 10:34:06
ART_A-72;Releasing;04.08.2024 13:50:48
ART_A-72;Implementation;23.02.2024 13:49:33
ART_A-72;Program Backlog;23.02.2024 13:49:27
ART_A-72;Analysis;01.02.2024 08:28:36
ART_A-71;Created;14.07.2024 11:21:22
ART_A-71;Done;24.01.2025 10:34:05
ART_A-71;Releasing;26.10.2024 15:08:03
ART_A-71;Implementation;27.07.2024 15:50:09
ART_A-71;Program Backlog;20.07.2024 13:10:20
ART_A-71;Analysis;14.07.2024 11:34:50
ART_A-70;Created;03.06.2024 14:08:49
ART_A-70;Done;14.11.2025 09:52:28
ART_A-70;Releasing;30.10.2025 13:28:32
ART_A-70;Implementation;21.07.2025 13:41:59
ART_A-70;Program Backlog;13.06.2025 09:59:15
ART_A-70;Analysis;12.06.2025 14:23:37
ART_A-70;Funnel;09.03.2025 10:08:01
ART_A-70;Analysis;24.01.2025 10:34:05
ART_A-70;Analysis;13.07.2024 09:55:49
ART_A-69;Created;11.07.2024 09:14:36
ART_A-69;Done;24.01.2025 10:34:05
ART_A-69;Releasing;16.11.2024 09:25:25
ART_A-69;Implementation;01.08.2024 13:46:53
ART_A-68;Created;21.07.2024 13:06:49
ART_A-68;Done;24.01.2025 10:34:05
ART_A-68;Releasing;07.12.2024 09:46:20
ART_A-68;Implementation;24.10.2024 16:09:57
ART_A-68;Program Backlog;21.07.2024 13:29:19
ART_A-68;Analysis;21.07.2024 13:29:15
ART_A-68;Funnel;21.07.2024 13:29:08
ART_A-68;Implementation;21.07.2024 13:27:47
ART_A-68;Program Backlog;21.07.2024 13:11:23
ART_A-68;Analysis;21.07.2024 13:11:18
ART_A-67;Created;18.10.2024 08:57:17
ART_A-67;Done;13.11.2025 12:08:58
ART_A-67;Implementation;03.02.2025 10:22:08
ART_A-67;Program Backlog;24.01.2025 10:34:04
ART_A-67;Program Backlog;02.11.2024 15:26:15
ART_A-67;Analysis;18.10.2024 09:43:47
ART_A-66;Created;19.10.2024 09:29:38
ART_A-66;Done;13.03.2025 15:51:40
ART_A-66;Implementation;24.01.2025 10:34:04
ART_A-66;Implementation;17.01.2025 14:43:12
ART_A-66;Program Backlog;07.11.2024 13:54:47
ART_A-66;Analysis;02.11.2024 10:57:43
ART_A-65;Created;16.12.2023 11:55:10
ART_A-65;Done;24.01.2025 10:34:04
ART_A-65;Releasing;26.09.2024 14:02:59
ART_A-65;Implementation;21.02.2024 14:30:05
ART_A-65;Program Backlog;07.02.2024 15:01:42
ART_A-65;Analysis;24.01.2024 16:08:30
ART_A-64;Created;20.07.2024 11:28:49
ART_A-64;Done;26.05.2025 08:46:46
ART_A-64;Releasing;28.03.2025 09:17:56
ART_A-64;Deploying to Production;14.02.2025 13:39:46
ART_A-64;Program Backlog;24.01.2025 10:34:04
ART_A-64;Program Backlog;21.09.2024 16:30:31
ART_A-64;Analysis;20.07.2024 13:12:06
ART_A-63;Created;17.10.2024 14:13:43
ART_A-62;Created;02.12.2024 09:52:36
ART_A-62;Program Backlog;30.11.2025 13:11:57
ART_A-62;Analysis;17.08.2025 13:47:12
ART_A-61;Created;08.11.2024 12:31:13
ART_A-61;Done;27.03.2025 13:02:46
ART_A-61;Releasing;27.03.2025 13:02:27
ART_A-61;Implementation;24.01.2025 10:34:03
ART_A-61;Implementation;21.11.2024 13:34:45
ART_A-61;Program Backlog;08.11.2024 12:37:18
ART_A-61;Analysis;08.11.2024 12:37:15
ART_A-60;Created;20.07.2024 11:33:25
ART_A-59;Created;07.12.2023 09:37:25
ART_A-59;Funnel;14.11.2025 12:31:45
ART_A-59;Program Backlog;13.09.2025 14:02:02
ART_A-59;Analysis;12.09.2025 15:01:58
ART_A-59;Funnel;21.09.2024 16:30:21
ART_A-59;Program Backlog;10.03.2024 13:54:11
ART_A-59;Analysis;10.03.2024 13:54:07
ART_A-59;Funnel;16.02.2024 13:39:31
ART_A-59;Program Backlog;07.02.2024 15:00:32
ART_A-59;Analysis;24.01.2024 16:05:56
ART_A-58;Created;17.12.2023 15:03:32
ART_A-58;Done;24.01.2025 10:34:03
ART_A-58;Releasing;09.05.2024 09:49:38
ART_A-58;Implementation;21.02.2024 14:30:53
ART_A-58;Program Backlog;07.02.2024 15:02:07
ART_A-58;Analysis;24.01.2024 16:31:20
ART_A-57;Created;02.08.2024 18:03:34
ART_A-57;Done;26.05.2025 08:47:13
ART_A-57;Releasing;22.05.2025 16:15:07
ART_A-57;Implementation;11.04.2025 15:27:21
ART_A-57;Program Backlog;11.04.2025 15:27:16
ART_A-57;Analysis;24.01.2025 10:34:02
ART_A-57;Analysis;08.08.2024 16:43:29
ART_A-56;Created;03.05.2024 12:51:53
ART_A-56;Done;24.01.2025 10:34:02
ART_A-56;Releasing;25.05.2024 13:07:39
ART_A-56;Implementation;12.05.2024 10:01:32
ART_A-56;Program Backlog;03.05.2024 14:48:51
ART_A-56;Analysis;03.05.2024 14:48:48
ART_A-55;Created;22.11.2024 15:13:11
ART_A-55;Funnel;07.06.2025 13:55:48
ART_A-55;Analysis;13.03.2025 11:49:46
ART_A-55;Funnel;10.03.2025 12:12:41
ART_A-55;Analysis;18.01.2025 17:59:28
ART_A-55;Analysis;16.01.2025 11:43:56
ART_A-54;Created;18.01.2025 17:26:27
ART_A-54;Done;15.11.2025 14:41:30
ART_A-54;Funnel;03.03.2025 14:50:29
ART_A-54;Analysis;18.01.2025 17:26:33
ART_A-50;Created;11.05.2024 11:23:34
ART_A-50;Done;03.11.2024 10:02:01
ART_A-50;Releasing;24.10.2024 13:23:26
ART_A-50;Implementation;23.09.2024 10:29:04
ART_A-50;Program Backlog;23.09.2024 09:52:51
ART_A-50;Analysis;13.07.2024 09:43:47
ART_A-49;Created;16.01.2025 11:52:01
ART_A-49;Funnel;22.03.2025 16:59:37
ART_A-49;Analysis;17.01.2025 17:28:57
ART_A-48;Created;07.11.2024 18:09:04
ART_A-48;Done;13.03.2025 14:58:47
ART_A-48;Implementation;16.01.2025 17:58:40
ART_A-48;Implementation;06.12.2024 18:06:05
ART_A-48;Program Backlog;07.11.2024 18:13:18
ART_A-48;Analysis;07.11.2024 18:13:09
ART_A-47;Created;07.10.2024 10:07:23
ART_A-47;Done;24.01.2025 13:30:42
ART_A-47;Implementation;24.01.2025 13:30:37
ART_A-47;Done;16.01.2025 17:58:40
ART_A-47;Releasing;11.01.2025 16:26:05
ART_A-47;Implementation;12.10.2024 11:09:11
ART_A-47;Program Backlog;07.10.2024 10:07:51
ART_A-47;Analysis;07.10.2024 10:07:45
ART_A-45;Created;02.11.2024 11:43:35
ART_A-45;Done;07.06.2025 13:58:27
ART_A-45;Releasing;07.06.2025 13:58:13
ART_A-45;Implementation;18.01.2025 16:10:11
ART_A-45;Program Backlog;16.01.2025 17:58:39
ART_A-45;Program Backlog;08.11.2024 09:50:43
ART_A-45;Analysis;02.11.2024 11:44:05
ART_A-44;Created;28.09.2024 18:33:29
ART_A-44;Done;28.03.2025 18:07:07
ART_A-44;Releasing;27.03.2025 12:01:40
ART_A-44;Implementation;16.01.2025 17:58:39
ART_A-44;Implementation;14.11.2024 10:05:54
ART_A-44;Program Backlog;14.11.2024 09:39:14
ART_A-44;Analysis;28.09.2024 18:34:00
ART_A-43;Created;09.06.2024 13:51:10
ART_A-43;Done;31.10.2025 10:58:00
ART_A-43;Releasing;31.10.2025 10:24:44
ART_A-43;Implementation;04.07.2025 13:43:26
ART_A-43;Program Backlog;20.06.2025 13:52:53
ART_A-43;Analysis;07.06.2025 15:36:15
ART_A-43;Analysis;07.06.2025 15:36:08
ART_A-43;Program Backlog;07.06.2025 14:15:42
ART_A-43;Analysis;05.06.2025 17:53:42
ART_A-42;Created;20.04.2024 10:30:56
ART_A-42;Done;24.01.2025 13:30:48
ART_A-42;Implementation;24.01.2025 13:30:44
ART_A-42;Done;16.01.2025 17:58:39
ART_A-42;Releasing;08.11.2024 09:43:20
ART_A-42;Implementation;25.07.2024 13:39:07
ART_A-42;Program Backlog;14.07.2024 09:35:59
ART_A-42;Analysis;05.05.2024 14:44:28
ART_A-41;Created;27.10.2024 15:56:57
ART_A-41;Done;23.03.2025 12:29:45
ART_A-41;Implementation;16.01.2025 17:58:38
ART_A-41;Implementation;15.11.2024 17:10:59
ART_A-41;Program Backlog;08.11.2024 09:50:13
ART_A-41;Analysis;27.10.2024 15:57:23
ART_A-40;Created;11.05.2024 11:21:00
ART_A-40;Done;23.03.2025 12:29:33
ART_A-40;Implementation;16.01.2025 17:58:38
ART_A-40;Implementation;14.11.2024 09:54:40
ART_A-40;Program Backlog;27.10.2024 14:25:00
ART_A-40;Analysis;28.09.2024 10:47:30
ART_A-38;Created;20.04.2024 10:33:12
ART_A-38;Done;27.03.2025 12:01:37
ART_A-38;Releasing;27.03.2025 09:37:23
ART_A-38;Implementation;16.01.2025 17:58:38
ART_A-38;Implementation;14.11.2024 10:05:44
ART_A-38;Program Backlog;25.07.2024 13:39:18
ART_A-38;Analysis;13.07.2024 09:41:37
ART_A-37;Created;30.09.2024 14:39:19
ART_A-37;Done;12.09.2025 09:25:47
ART_A-37;Releasing;01.09.2025 15:10:42
ART_A-37;Implementation;07.06.2025 14:17:58
ART_A-37;Analysis;30.03.2025 13:29:18
ART_A-37;Program Backlog;16.01.2025 17:58:37
ART_A-37;Program Backlog;14.11.2024 09:39:21
ART_A-37;Analysis;24.10.2024 17:03:25
ART_A-36;Created;27.10.2024 14:30:33
ART_A-36;Done;22.03.2025 18:39:46
ART_A-36;Releasing;17.03.2025 10:00:51
ART_A-36;Implementation;16.01.2025 17:58:37
ART_A-36;Implementation;10.01.2025 13:38:01
ART_A-36;Program Backlog;08.11.2024 09:50:25
ART_A-36;Analysis;27.10.2024 14:30:55
ART_A-35;Created;25.04.2024 11:01:48
ART_A-35;Funnel;20.10.2024 13:52:35
ART_A-35;Analysis;29.09.2024 10:07:29
ART_A-35;Funnel;29.09.2024 10:07:22
ART_A-35;Program Backlog;18.07.2024 15:13:20
ART_A-35;Analysis;13.07.2024 09:43:28
ART_A-34;Created;09.06.2024 13:50:14
ART_A-34;Done;14.11.2025 14:23:36
ART_A-34;Analysis;08.02.2025 18:12:09
ART_A-33;Created;22.11.2024 15:22:33
ART_A-33;Done;12.09.2025 09:25:05
ART_A-33;Releasing;11.09.2025 18:15:35
ART_A-33;Implementation;04.07.2025 13:43:24
ART_A-33;Program Backlog;20.06.2025 13:52:48
ART_A-33;Analysis;07.06.2025 15:23:13
ART_A-32;Created;07.10.2024 12:03:21
ART_A-32;Done;24.01.2025 13:29:54
ART_A-32;Implementation;16.01.2025 17:58:36
ART_A-32;Implementation;14.11.2024 10:00:57
ART_A-32;Program Backlog;27.10.2024 14:27:05
ART_A-32;Analysis;07.10.2024 12:03:39
ART_A-31;Created;13.01.2025 20:08:01
ART_A-31;Done;31.10.2025 10:24:20
ART_A-31;Analysis;22.06.2025 14:54:32
ART_A-31;Implementation;31.03.2025 11:34:54
ART_A-31;Program Backlog;27.03.2025 12:01:52
ART_A-31;Analysis;10.03.2025 12:48:14
ART_A-31;Funnel;10.03.2025 12:12:39
ART_A-31;Analysis;16.01.2025 17:58:36
ART_A-31;Analysis;13.01.2025 20:08:13
ART_A-30;Created;30.09.2024 14:44:18
ART_A-30;Funnel;08.02.2025 18:13:26
ART_A-30;Analysis;16.01.2025 17:58:36
ART_A-30;Analysis;13.01.2025 09:56:03
ART_A-29;Created;13.01.2025 20:06:47
ART_A-29;Done;22.03.2025 18:39:30
ART_A-29;Implementation;31.01.2025 15:28:31
ART_A-29;Program Backlog;31.01.2025 15:05:21
ART_A-29;Analysis;16.01.2025 17:58:36
ART_A-29;Analysis;13.01.2025 20:06:55
ART_A-28;Created;07.11.2024 18:10:40
ART_A-28;Done;30.05.2025 08:46:07
ART_A-28;Implementation;22.05.2025 15:55:15
ART_A-28;Program Backlog;03.05.2025 13:46:28
ART_A-28;Analysis;27.03.2025 10:38:20
ART_A-27;Created;28.10.2024 16:17:07
ART_A-27;Done;23.03.2025 12:29:41
ART_A-27;Implementation;18.01.2025 16:10:34
ART_A-27;Program Backlog;16.01.2025 17:58:36
ART_A-27;Program Backlog;14.11.2024 09:39:18
ART_A-27;Analysis;28.10.2024 16:17:16
ART_A-26;Created;05.10.2024 10:57:21
ART_A-26;Done;28.03.2025 12:35:04
ART_A-26;Implementation;16.01.2025 15:55:04
ART_A-26;Implementation;14.12.2024 15:38:55
ART_A-26;Program Backlog;11.10.2024 12:07:38
ART_A-26;Analysis;05.10.2024 10:57:32
ART_A-25;Created;31.01.2024 11:25:33
ART_A-25;Analysis;09.03.2025 14:57:48
ART_A-25;Funnel;09.03.2025 14:54:19
ART_A-25;Analysis;09.03.2025 14:15:23
ART_A-25;Funnel;13.04.2024 17:10:43
ART_A-25;Analysis;01.02.2024 08:48:40
ART_A-24;Created;24.01.2024 10:24:09
ART_A-24;Done;02.08.2025 16:37:54
ART_A-24;Done;16.06.2025 10:38:58
ART_A-24;Implementation;16.01.2025 15:55:03
ART_A-24;Implementation;13.07.2024 11:49:48
ART_A-24;Funnel;25.04.2024 10:22:48
ART_A-24;Analysis;11.02.2024 11:36:37
ART_A-24;Funnel;11.02.2024 11:36:25
ART_A-24;Program Backlog;10.02.2024 15:22:24
ART_A-24;Analysis;10.02.2024 15:21:41
ART_A-24;Funnel;02.02.2024 13:54:36
ART_A-24;Analysis;01.02.2024 08:22:59
ART_A-23;Created;21.10.2024 13:40:43
ART_A-23;Done;30.01.2025 14:17:19
ART_A-23;Program Backlog;16.01.2025 15:55:03
ART_A-23;Program Backlog;02.11.2024 15:26:18
ART_A-23;Analysis;25.10.2024 08:14:46
ART_A-22;Created;31.01.2024 11:27:30
ART_A-22;Done;09.03.2025 14:15:05
ART_A-22;Analysis;16.01.2025 15:55:03
ART_A-22;Analysis;11.10.2024 12:06:02
ART_A-22;Funnel;10.02.2024 12:48:04
ART_A-22;Analysis;01.02.2024 08:49:35
ART_A-21;Created;21.10.2024 09:49:35
ART_A-21;Done;14.06.2025 11:16:59
ART_A-21;Implementation;30.01.2025 14:18:34
ART_A-21;Program Backlog;16.01.2025 15:55:03
ART_A-21;Program Backlog;08.11.2024 13:11:41
ART_A-21;Analysis;07.11.2024 15:22:49
ART_A-20;Created;31.01.2024 11:26:02
ART_A-20;Done;09.03.2025 14:15:18
ART_A-20;Funnel;25.04.2024 10:22:43
ART_A-20;Analysis;01.02.2024 08:48:50
ART_A-19;Created;13.12.2023 08:57:50
ART_A-19;Done;16.01.2025 15:55:03
ART_A-19;Releasing;28.09.2024 11:09:10
ART_A-19;Implementation;09.03.2024 08:56:44
ART_A-19;Program Backlog;10.02.2024 15:21:57
ART_A-19;Analysis;08.02.2024 14:50:23
ART_A-19;Funnel;08.02.2024 14:50:19
ART_A-19;Program Backlog;02.02.2024 14:00:02
ART_A-19;Analysis;02.02.2024 08:59:17
ART_A-19;Funnel;02.02.2024 08:48:21
ART_A-19;Program Backlog;02.02.2024 08:47:16
ART_A-19;Analysis;24.01.2024 16:06:34
ART_A-18;Created;31.01.2024 11:26:26
ART_A-18;Done;09.03.2025 14:15:28
ART_A-18;Funnel;10.02.2024 12:47:50
ART_A-18;Analysis;01.02.2024 08:48:59
ART_A-17;Created;24.01.2024 09:55:13
ART_A-17;Done;28.03.2025 12:31:45
ART_A-17;Implementation;30.01.2025 14:17:47
ART_A-17;Program Backlog;16.01.2025 15:55:02
ART_A-17;Program Backlog;11.10.2024 12:07:29
ART_A-17;Analysis;05.10.2024 10:52:37
ART_A-16;Created;31.01.2024 11:29:16
ART_A-16;Done;09.03.2025 14:15:39
ART_A-16;Funnel;02.02.2024 13:59:33
ART_A-16;Analysis;01.02.2024 08:50:11
ART_A-15;Created;26.09.2024 12:00:09
ART_A-15;Done;28.03.2025 12:35:17
ART_A-15;Implementation;03.02.2025 10:18:15
ART_A-15;Program Backlog;16.01.2025 15:55:02
ART_A-15;Program Backlog;02.11.2024 15:25:46
ART_A-15;Analysis;11.10.2024 12:06:51
ART_A-14;Created;27.09.2024 10:19:33
ART_A-14;Done;28.03.2025 12:26:15
ART_A-14;Implementation;16.01.2025 15:55:02
ART_A-14;Implementation;14.11.2024 08:01:21
ART_A-14;Program Backlog;02.11.2024 15:25:42
ART_A-14;Analysis;19.10.2024 09:19:53
ART_A-14;Funnel;19.10.2024 09:19:46
ART_A-14;Program Backlog;30.09.2024 13:28:37
ART_A-14;Analysis;30.09.2024 13:27:34
ART_A-13;Created;06.04.2024 10:59:25
ART_A-13;Done;16.01.2025 15:55:02
ART_A-13;Releasing;18.07.2024 09:43:41
ART_A-13;Implementation;12.05.2024 09:44:33
ART_A-13;Program Backlog;03.05.2024 13:33:49
ART_A-13;Analysis;03.05.2024 13:33:45
ART_A-12;Created;27.01.2024 11:39:37
ART_A-12;Done;16.01.2025 15:55:02
ART_A-12;Releasing;09.05.2024 09:50:47
ART_A-12;Implementation;21.02.2024 14:30:30
ART_A-12;Program Backlog;02.02.2024 13:51:12
ART_A-12;Analysis;01.02.2024 08:24:05
ART_A-11;Created;31.01.2024 11:30:10
ART_A-11;Done;09.03.2025 14:15:10
ART_A-11;Analysis;16.01.2025 15:55:01
ART_A-11;Analysis;05.10.2024 10:52:17
ART_A-11;Funnel;13.04.2024 17:07:28
ART_A-11;Analysis;10.02.2024 12:48:40
ART_A-10;Created;10.05.2024 14:01:50
ART_A-10;Done;30.01.2025 14:16:40
ART_A-10;Implementation;16.01.2025 15:55:01
ART_A-10;Implementation;25.07.2024 15:00:09
ART_A-10;Program Backlog;15.07.2024 10:14:59
ART_A-10;Analysis;12.07.2024 15:01:06
ART_A-9;Created;31.01.2024 11:28:24
ART_A-9;Done;09.03.2025 14:15:35
ART_A-9;Funnel;10.02.2024 12:48:15
ART_A-9;Analysis;01.02.2024 08:50:00
ART_A-8;Created;02.11.2024 14:37:40
ART_A-8;Done;24.10.2025 15:49:27
ART_A-8;Implementation;24.08.2025 14:14:35
ART_A-8;Analysis;16.01.2025 15:55:01
ART_A-8;Analysis;08.11.2024 07:59:05
ART_A-7;Created;10.08.2024 13:13:38
ART_A-7;Done;09.03.2025 14:15:15
ART_A-7;Analysis;16.01.2025 15:55:01
ART_A-7;Analysis;11.10.2024 12:03:37
ART_A-6;Created;07.11.2024 18:18:14
ART_A-6;Done;28.03.2025 12:35:22
ART_A-6;Implementation;03.02.2025 10:18:13
ART_A-6;Program Backlog;16.01.2025 15:55:00
ART_A-6;Program Backlog;08.11.2024 13:08:07
ART_A-6;Analysis;08.11.2024 13:02:46
ART_A-5;Created;31.01.2024 11:27:55
ART_A-5;Done;16.06.2025 10:38:44
ART_A-5;Implementation;16.01.2025 15:55:00
ART_A-5;Implementation;14.12.2024 15:38:51
ART_A-5;Program Backlog;11.10.2024 12:07:49
ART_A-5;Analysis;05.10.2024 10:52:03
ART_A-5;Funnel;25.04.2024 10:22:35
ART_A-5;Analysis;10.02.2024 12:50:15
ART_A-5;Funnel;02.02.2024 13:59:23
ART_A-5;Analysis;01.02.2024 08:49:49
ART_A-4;Created;31.01.2024 11:26:51
ART_A-4;Done;28.03.2025 12:28:23
ART_A-4;Implementation;16.01.2025 16:17:19
ART_A-4;Analysis;16.01.2025 16:17:01
ART_A-4;Implementation;16.01.2025 16:16:02
ART_A-4;Implementation;16.01.2025 16:15:42
ART_A-4;Done;16.01.2025 14:46:43
ART_A-4;Implementation;11.01.2025 17:11:06
ART_A-4;Implementation;14.12.2024 15:38:47
ART_A-4;Program Backlog;11.10.2024 12:07:33
ART_A-4;Analysis;05.10.2024 10:51:56
ART_A-4;Funnel;25.04.2024 10:22:39
ART_A-4;Analysis;01.02.2024 08:49:19
ART_A-2;Created;10.01.2025 10:28:27
ART_A-2;Program Backlog;17.01.2025 17:13:13
ART_A-2;Implementation;17.01.2025 17:12:57
ART_A-2;Done;17.01.2025 17:06:22
ART_A-2;Program Backlog;17.01.2025 10:36:23
ART_A-2;Done;16.01.2025 14:46:22
ART_A-2;Implementation;10.01.2025 10:28:39